PLAYER,TEAM,AGE,GP,W,L,MIN,PTS,FGM,FGA,FG%,3PM,3PA,3P%,FTM,FTA,FT%,OREB,DREB,REB,AST,TOV,STL,BLK,PF,FP,DD2,TD3,season
Aaron Gordon,ORL,24,62,30,32,2017,894,335,767,43.7,73,237,30.8,151,224,67.4,107,368,475,228,100,51,39,125,1976,20,1,2019-20
Aaron Holiday,IND,23,66,42,24,1617,627,233,563,41.4,87,221,39.4,74,87,85.1,22,134,156,225,88,55,16,120,1276.7,3,0,2019-20
Abdel Nader,OKC,26,55,37,18,867,345,123,263,46.8,48,128,37.5,51,66,77.3,14,86,100,38,43,23,20,78,608,0,0,2019-20
Adam Mokoka,CHI,21,11,3,8,112,32,12,28,42.9,6,15,40,2,4,50,7,3,10,4,2,4,0,17,60,0,0,2019-20
Admiral Schofield,WAS,23,33,9,24,368,99,35,92,38,19,61,31.1,10,15,66.7,7,40,47,15,7,8,4,50,206.9,0,0,2019-20
Al Horford,PHI,34,67,39,28,2026,798,319,709,45,99,283,35,61,80,76.3,103,353,456,270,80,52,61,142,2009.2,6,0,2019-20
Al-Farouq Aminu,ORL,29,18,7,11,380,78,25,86,29.1,9,36,25,19,29,65.5,24,63,87,21,17,18,8,27,274.9,1,0,2019-20
Alec Burks,PHI,28,66,21,45,1754,993,321,768,41.8,116,301,38.5,235,265,88.7,48,234,282,189,91,62,17,128,1760.9,1,0,2019-20
Alen Smailagic,GSW,19,14,1,13,139,59,20,40,50,3,13,23.1,16,19,84.2,10,17,27,13,11,3,4,14,120.9,0,0,2019-20
Alex Caruso,LAL,26,64,48,16,1175,349,120,291,41.2,40,120,33.3,69,94,73.4,17,106,123,124,53,70,18,98,893.6,0,0,2019-20
Alex Len,SAC,27,55,18,37,971,438,177,319,55.5,16,59,27.1,68,105,64.8,100,221,321,50,55,23,48,127,1056.2,8,0,2019-20
Alfonzo McKinnie,CLE,27,40,11,29,593,182,73,171,42.7,14,65,21.5,22,31,71,37,76,113,14,26,23,8,72,405.6,1,0,2019-20
Alize Johnson,IND,24,17,10,7,118,34,12,29,41.4,3,8,37.5,7,10,70,16,32,48,7,7,3,2,12,110.1,1,0,2019-20
Allen Crabbe,MIN,28,37,5,32,653,172,63,177,35.6,36,119,30.3,10,14,71.4,11,66,77,33,17,15,4,47,353.9,0,0,2019-20
Allonzo Trier,NYK,24,24,2,22,291,155,51,106,48.1,19,53,35.8,34,43,79.1,6,23,29,28,22,3,4,29,230.8,0,0,2019-20
Amile Jefferson,ORL,27,18,5,13,74,15,5,14,35.7,0,0,0,5,14,35.7,10,13,23,4,3,1,3,7,57.6,0,0,2019-20
Amir Coffey,LAC,23,18,11,7,159,58,23,54,42.6,6,19,31.6,6,11,54.5,4,12,16,14,8,5,2,20,111.2,0,0,2019-20
Andre Drummond,CLE,26,57,21,36,1878,1010,418,784,53.3,5,35,14.3,169,294,57.5,250,614,864,152,203,109,93,201,2677.8,47,0,2019-20
Andre Iguodala,MIA,36,21,10,11,418,96,38,88,43.2,14,47,29.8,6,15,40,17,61,78,51,26,14,21,35,345.1,0,0,2019-20
Andre Roberson,OKC,28,7,3,4,87,20,8,29,27.6,3,14,21.4,1,2,50,7,20,27,4,2,1,3,13,68.4,0,0,2019-20
Andrew Wiggins,GSW,25,54,15,39,1859,1175,437,978,44.7,111,334,33.2,190,268,70.9,66,208,274,198,132,45,53,127,1962.8,4,1,2019-20
Anfernee Simons,POR,21,70,32,38,1449,579,214,536,39.9,75,226,33.2,76,92,82.6,25,127,152,97,61,26,10,135,953.9,1,0,2019-20
Ante Zizic,CLE,23,22,4,18,221,96,41,72,56.9,0,0,0,14,19,73.7,18,48,66,6,10,7,5,27,210.2,1,0,2019-20
Anthony Davis,LAL,27,62,46,16,2131,1618,551,1096,50.3,72,218,33,444,525,84.6,142,435,577,200,154,91,143,156,3158.4,29,0,2019-20
Anthony Tolliver,MEM,35,55,24,31,872,200,65,182,35.7,49,145,33.8,21,29,72.4,34,120,154,42,34,19,11,74,503.8,1,0,2019-20
Antonius Cleveland,DAL,26,11,6,5,46,11,4,14,28.6,0,3,0,3,5,60,2,5,7,1,2,1,3,8,30.9,0,0,2019-20
Anzejs Pasecniks,WAS,24,27,9,18,437,156,61,116,52.6,0,3,0,34,58,58.6,42,65,107,18,24,9,12,75,350.4,0,0,2019-20
Aron Baynes,PHX,33,42,19,23,934,481,183,381,48,59,168,35.1,56,75,74.7,71,166,237,67,50,10,23,141,914.9,3,0,2019-20
Austin Rivers,HOU,27,68,43,25,1594,596,211,501,42.1,96,270,35.6,78,111,70.3,27,148,175,113,50,49,10,129,1102.5,0,0,2019-20
Avery Bradley,LAL,29,49,36,13,1186,423,170,383,44.4,63,173,36.4,20,24,83.3,18,97,115,63,47,43,5,110,752.5,0,0,2019-20
BJ Johnson,ORL,24,10,5,5,83,30,9,32,28.1,3,9,33.3,9,10,90,3,12,15,3,6,3,0,3,55.5,0,0,2019-20
Bam Adebayo,MIA,22,72,44,28,2417,1146,440,790,55.7,2,14,14.3,264,382,69.1,176,559,735,368,204,82,93,182,2901,40,3,2019-20
Ben McLemore,HOU,27,71,44,27,1619,715,242,545,44.4,181,452,40,50,67,74.6,21,136,157,58,50,45,16,155,1123.4,1,0,2019-20
Ben Simmons,PHI,23,57,35,22,2017,937,375,647,58,2,7,28.6,185,298,62.1,113,331,444,455,200,119,33,186,2408.3,31,6,2019-20
Bismack Biyombo,CHA,27,53,18,35,1029,393,151,278,54.3,0,0,0,91,151,60.3,120,188,308,50,48,10,49,116,966.6,8,0,2019-20
Blake Griffin,DET,31,18,8,10,512,279,88,250,35.2,27,111,24.3,76,98,77.6,17,67,84,59,40,7,7,27,470.3,2,0,2019-20
Boban Marjanovic,DAL,31,44,21,23,422,289,121,211,57.3,4,17,23.5,43,57,75.4,66,131,197,20,30,8,10,56,579.4,6,0,2019-20
Bobby Portis,NYK,25,66,21,45,1394,668,265,589,45,67,187,35.8,71,93,76.3,80,258,338,98,73,32,18,110,1297.6,5,0,2019-20
Bogdan Bogdanovic,SAC,27,61,29,32,1766,924,337,766,44,164,441,37.2,86,116,74.1,26,181,207,207,102,64,15,133,1617.9,2,0,2019-20
Bojan Bogdanovic,UTA,31,63,41,22,2083,1275,418,935,44.7,189,457,41.4,250,277,90.3,39,220,259,131,159,34,7,110,1746.3,0,0,2019-20
Bol Bol,DEN,20,7,2,5,87,40,14,28,50,4,9,44.4,8,10,80,5,14,19,6,10,2,6,11,85.8,0,0,2019-20
Brad Wanamaker,BOS,30,71,48,23,1369,487,162,362,44.8,37,102,36.3,126,136,92.6,22,122,144,179,76,61,14,133,1077.3,0,0,2019-20
Bradley Beal,WAS,27,57,20,37,2053,1741,593,1303,45.5,170,481,35.3,385,457,84.2,52,190,242,347,194,71,23,126,2639.9,8,0,2019-20
Brandon Clarke,MEM,23,58,29,29,1300,700,296,479,61.8,23,64,35.9,85,112,75.9,92,253,345,81,55,32,48,100,1420.5,3,0,2019-20
Brandon Goodwin,ATL,24,34,13,21,430,206,76,190,40,26,87,29.9,28,30,93.3,11,61,72,51,29,12,4,43,387.9,0,0,2019-20
Brandon Ingram,NOP,22,62,25,37,2103,1477,507,1096,46.3,150,384,39.1,313,368,85.1,51,329,380,259,189,61,37,179,2426.5,9,0,2019-20
Brandon Knight,DET,28,25,4,21,462,183,59,167,35.3,45,131,34.4,20,34,58.8,4,37,41,69,38,10,3,40,336.7,0,0,2019-20
Brian Bowen II,IND,21,6,5,1,31,6,3,10,30,0,2,0,0,0,0,1,6,7,0,1,0,1,3,16.4,0,0,2019-20
Brook Lopez,MIL,32,68,53,15,1817,813,292,671,43.5,102,325,31.4,127,152,83.6,58,254,312,99,70,46,163,163,1892.9,4,0,2019-20
Bruce Brown,DET,23,58,18,40,1634,517,198,447,44.3,33,96,34.4,88,119,73.9,61,213,274,230,100,63,29,162,1366.8,4,0,2019-20
Bruno Caboclo,HOU,24,30,11,19,244,90,38,89,42.7,6,33,18.2,8,9,88.9,23,37,60,12,13,15,17,31,263,1,0,2019-20
Bruno Fernando,ATL,21,56,18,38,713,240,103,199,51.8,5,37,13.5,29,51,56.9,67,131,198,49,42,18,17,107,614.1,1,0,2019-20
Bryn Forbes,SAS,26,63,27,36,1579,707,242,581,41.7,148,381,38.8,75,90,83.3,12,114,126,108,57,33,0,113,1062.2,0,0,2019-20
Buddy Hield,SAC,27,72,31,41,2216,1382,498,1162,42.9,271,688,39.4,115,136,84.6,57,271,328,213,168,66,17,165,2176.1,2,0,2019-20
CJ McCollum,POR,28,70,34,36,2557,1556,611,1356,45.1,194,512,37.9,140,185,75.7,46,251,297,310,127,54,42,183,2538.4,4,0,2019-20
CJ Miles,WAS,33,10,4,6,161,64,19,59,32.2,11,35,31.4,15,20,75,4,8,12,12,4,10,4,14,134.4,0,0,2019-20
Caleb Martin,CHA,24,18,6,12,317,111,37,84,44,20,37,54.1,17,21,81,10,28,38,23,15,12,7,32,233.1,0,0,2019-20
Caleb Swanigan,POR,23,27,12,15,288,65,28,47,59.6,0,2,0,9,17,52.9,27,73,100,31,37,3,7,62,224.5,0,0,2019-20
Cam Reddish,ATL,20,58,17,41,1551,610,213,554,38.4,83,250,33.2,101,126,80.2,35,181,216,87,96,62,28,132,1173.7,0,0,2019-20
Cameron Johnson,PHX,24,57,28,29,1255,504,176,405,43.5,106,272,39,46,57,80.7,49,138,187,69,32,36,20,88,967.9,2,0,2019-20
Cameron Payne,PHX,25,8,8,0,183,87,33,68,48.5,15,29,51.7,6,7,85.7,4,27,31,24,11,8,2,20,179.2,0,0,2019-20
Caris LeVert,BKN,25,45,21,24,1330,842,311,732,42.5,80,220,36.4,140,197,71.1,49,140,189,199,118,53,10,81,1438.3,2,1,2019-20
Carmelo Anthony,POR,36,58,28,30,1902,895,336,782,43,87,226,38.5,136,161,84.5,71,297,368,85,100,49,27,171,1592.1,5,0,2019-20
Carsen Edwards,BOS,22,37,25,12,351,121,42,128,32.8,24,76,31.6,13,19,68.4,6,41,47,24,15,12,4,34,246.4,0,0,2019-20
Cedi Osman,CLE,25,65,19,46,1910,718,266,609,43.7,123,321,38.3,63,94,67,39,192,231,154,91,54,16,160,1345.2,2,0,2019-20
Chandler Hutchison,CHI,24,28,8,20,527,218,80,175,45.7,12,38,31.6,46,78,59,18,90,108,26,27,27,7,47,461.6,0,0,2019-20
Chandler Parsons,ATL,31,5,0,5,54,14,5,18,27.8,4,14,28.6,0,0,0,1,6,7,3,3,4,1,3,38.9,0,0,2019-20
Charlie Brown Jr.,ATL,23,10,1,9,40,20,6,19,31.6,3,9,33.3,5,5,100,2,2,4,2,3,2,2,3,36.8,0,0,2019-20
Chasson Randle,GSW,27,3,2,1,40,5,0,4,0,0,2,0,5,6,83.3,0,2,2,5,0,2,0,3,20.9,0,0,2019-20
Cheick Diallo,PHX,23,47,20,27,479,219,92,142,64.8,1,3,33.3,34,39,87.2,30,101,131,22,32,11,12,55,446.2,1,0,2019-20
Chimezie Metu,SAS,23,18,8,10,105,58,24,42,57.1,0,2,0,10,13,76.9,12,21,33,10,10,3,6,7,129.6,0,0,2019-20
Chris Boucher,TOR,27,62,45,17,819,411,141,299,47.2,38,118,32.2,91,116,78.4,107,170,277,26,28,22,61,114,1003.4,5,0,2019-20
Chris Chiozza,BKN,24,28,14,14,401,142,55,140,39.3,27,72,37.5,5,5,100,9,44,53,83,32,21,4,37,373.1,1,0,2019-20
Chris Clemons,HOU,22,33,19,14,291,161,57,142,40.1,37,107,34.6,10,11,90.9,4,26,30,27,19,9,6,26,263.5,0,0,2019-20
Chris Paul,OKC,35,70,44,26,2208,1232,434,887,48.9,111,304,36.5,253,279,90.7,26,323,349,472,161,111,11,158,2563.8,10,0,2019-20
Chris Silva,MIA,23,44,27,17,346,133,48,78,61.5,0,3,0,37,55,67.3,60,66,126,23,32,9,21,85,376.7,0,0,2019-20
Christian Wood,DET,24,62,20,42,1325,810,288,508,56.7,54,140,38.6,180,242,74.4,104,286,390,60,84,34,54,98,1548,12,0,2019-20
Clint Capela,ATL,26,39,22,17,1279,543,244,388,62.9,0,0,0,55,104,52.9,168,369,537,48,63,33,72,102,1511.4,27,0,2019-20
Coby White,CHI,20,65,22,43,1674,859,312,792,39.4,133,376,35.4,102,129,79.1,28,202,230,175,109,49,6,117,1453.5,0,0,2019-20
Cody Martin,CHA,24,48,16,32,903,238,89,207,43,18,77,23.4,42,65,64.6,38,120,158,95,44,39,9,78,670.1,0,0,2019-20
Cody Zeller,CHA,27,58,18,40,1341,642,251,479,52.4,18,75,24,122,179,68.2,160,251,411,88,75,40,25,140,1387.2,10,0,2019-20
Collin Sexton,CLE,21,65,19,46,2143,1349,513,1086,47.2,97,255,38,226,267,84.6,61,143,204,192,158,65,7,142,1939.8,0,0,2019-20
Corey Brewer,SAC,34,5,2,3,33,5,2,4,50,0,1,0,1,3,33.3,2,6,8,2,2,4,0,7,27.6,0,0,2019-20
Cory Joseph,SAC,28,72,31,41,1759,458,171,412,41.5,56,159,35.2,60,70,85.7,44,144,188,251,80,53,21,133,1202.1,0,0,2019-20
Courtney Lee,DAL,34,24,15,9,345,107,40,82,48.8,21,47,44.7,6,7,85.7,7,25,32,12,11,18,6,33,224.4,0,0,2019-20
Cristiano Felicio,CHI,27,22,6,16,386,86,34,54,63,0,2,0,18,23,78.3,55,47,102,16,18,10,2,34,250.4,0,0,2019-20
D'Angelo Russell,MIN,24,45,11,34,1452,1039,360,846,42.6,158,431,36.7,161,199,80.9,17,160,177,285,147,48,13,86,1714.9,3,0,2019-20
D.J. Augustin,ORL,32,57,28,29,1420,599,184,461,39.9,70,201,34.8,161,181,89,22,100,122,262,86,34,1,72,1157.4,0,0,2019-20
D.J. Wilson,MIL,24,37,29,8,363,133,52,132,39.4,18,73,24.7,11,18,61.1,12,80,92,25,19,3,5,33,285.9,0,0,2019-20
DaQuan Jeffries,SAC,22,13,4,9,141,50,20,40,50,5,18,27.8,5,6,83.3,3,15,18,7,2,4,1,19,95.1,0,0,2019-20
Damian Jones,ATL,25,55,15,40,887,306,121,178,68,2,9,22.2,62,84,73.8,74,132,206,35,28,26,40,149,775.7,0,0,2019-20
Damian Lillard,POR,29,66,33,33,2474,1978,624,1349,46.3,270,674,40.1,460,518,88.8,33,251,284,530,194,70,22,114,3195.8,19,1,2019-20
Damion Lee,GSW,27,49,12,37,1423,621,213,511,41.7,85,239,35.6,110,126,87.3,32,207,239,133,67,50,6,116,1208.3,3,0,2019-20
Damyean Dotson,NYK,26,48,14,34,836,321,120,290,41.4,59,163,36.2,22,33,66.7,10,81,91,57,21,23,4,44,575.7,0,0,2019-20
Daniel Gafford,CHI,21,43,15,28,609,220,94,134,70.1,0,0,0,32,60,53.3,52,54,106,21,29,13,56,98,556.7,0,0,2019-20
Daniel Theis,BOS,28,65,42,23,1566,601,241,426,56.6,32,96,33.3,87,114,76.3,140,286,426,111,54,37,84,219,1587.7,7,0,2019-20
Danilo Gallinari,OKC,31,62,37,25,1834,1160,358,817,43.8,178,439,40.5,266,298,89.3,34,288,322,119,76,42,5,75,1789.9,3,0,2019-20
Danny Green,LAL,33,68,51,17,1687,547,197,474,41.6,120,327,36.7,33,48,68.8,51,174,225,91,63,85,32,136,1241.5,0,0,2019-20
Dante Exum,CLE,24,35,10,25,486,159,56,119,47.1,15,43,34.9,32,43,74.4,12,55,67,40,31,13,8,38,331.4,0,0,2019-20
Danuel House Jr.,HOU,27,63,40,23,1913,662,230,539,42.7,129,355,36.3,73,90,81.1,57,210,267,85,54,67,34,132,1358.9,2,0,2019-20
Dario Saric,PHX,26,66,32,34,1632,704,256,538,47.6,84,235,35.7,108,128,84.4,100,306,406,123,88,37,16,156,1446.7,9,0,2019-20
Darius Bazley,OKC,20,61,36,25,1129,342,125,317,39.4,49,141,34.8,43,62,69.4,30,216,246,41,45,23,41,55,845.7,1,0,2019-20
Darius Garland,CLE,20,59,17,42,1824,728,280,699,40.1,105,296,35.5,63,72,87.5,27,84,111,229,151,42,4,92,1191.7,1,0,2019-20
Daryl Macon,MIA,24,4,4,0,14,3,1,3,33.3,1,2,50,0,0,0,0,0,0,1,2,0,0,1,2.5,0,0,2019-20
David Nwaba,HOU,27,20,8,12,268,104,37,71,52.1,12,28,42.9,18,27,66.7,8,37,45,8,8,11,12,32,231,0,0,2019-20
Davis Bertans,WAS,27,54,20,34,1583,834,265,610,43.4,200,472,42.4,104,122,85.2,35,210,245,92,59,37,33,139,1417,1,0,2019-20
De'Aaron Fox,SAC,22,51,20,31,1634,1077,391,815,48,54,185,29.2,241,342,70.5,35,161,196,348,158,74,25,145,1973.2,9,0,2019-20
De'Andre Hunter,ATL,22,63,19,44,2018,778,280,683,41,108,304,35.5,110,144,76.4,44,242,286,112,103,44,18,182,1372.2,3,0,2019-20
De'Anthony Melton,MEM,22,60,27,33,1167,455,161,401,40.1,40,140,28.6,93,121,76.9,43,177,220,175,84,77,20,109,1188.5,0,0,2019-20
DeAndre Jordan,BKN,31,56,27,29,1234,465,191,287,66.6,0,0,0,83,122,68,141,420,561,105,74,18,52,114,1431.7,13,0,2019-20
DeAndre' Bembry,ATL,25,43,10,33,915,249,104,228,45.6,15,65,23.1,26,48,54.2,34,118,152,81,60,55,19,84,714.9,2,0,2019-20
DeMar DeRozan,SAS,30,68,31,37,2316,1504,557,1049,53.1,9,35,25.7,381,451,84.5,44,331,375,380,164,70,20,180,2630,7,0,2019-20
DeMarre Carroll,HOU,33,24,10,14,290,87,25,66,37.9,8,33,24.2,29,42,69,12,43,55,25,17,8,5,32,212.5,0,0,2019-20
Dean Wade,CLE,23,12,1,11,71,20,9,13,69.2,2,4,50,0,1,0,3,16,19,2,3,2,4,8,60.8,0,0,2019-20
Deandre Ayton,PHX,21,38,20,18,1236,690,310,568,54.6,3,13,23.1,67,89,75.3,147,289,436,72,80,26,58,117,1493.2,23,0,2019-20
Dejounte Murray,SAS,23,66,29,37,1687,720,294,637,46.2,41,111,36.9,91,114,79.8,69,314,383,271,125,111,17,143,1845.1,6,0,2019-20
Delon Wright,DAL,28,73,42,31,1570,504,190,411,46.2,47,127,37,77,100,77,70,210,280,244,73,85,22,93,1454,1,0,2019-20
Dennis Schroder,OKC,26,65,40,25,1999,1229,453,965,46.9,125,325,38.5,198,236,83.9,19,217,236,262,166,45,14,146,1916.2,0,0,2019-20
Dennis Smith Jr.,NYK,22,34,7,27,537,187,72,211,34.1,16,54,29.6,27,53,50.9,21,57,78,98,58,28,8,65,477.6,0,0,2019-20
Denzel Valentine,CHI,26,36,12,24,488,246,97,237,40.9,46,137,33.6,6,8,75,9,65,74,43,26,26,6,51,469.3,0,0,2019-20
Deonte Burton,OKC,26,39,22,17,357,104,43,125,34.4,10,53,18.9,8,14,57.1,7,50,57,17,19,7,10,34,229.9,0,0,2019-20
Derrick Favors,NOP,28,51,24,27,1242,459,209,339,61.7,1,7,14.3,40,71,56.3,163,338,501,81,55,30,46,107,1354.7,18,0,2019-20
Derrick Jones Jr.,MIA,23,59,34,25,1375,500,184,349,52.7,37,132,28,95,123,77.2,66,167,233,62,30,58,38,130,1130.6,0,0,2019-20
Derrick Rose,DET,31,50,17,33,1298,904,369,753,49,45,147,30.6,121,139,87.1,27,94,121,278,126,40,16,49,1508.2,4,0,2019-20
Derrick Walton Jr.,DET,25,26,15,11,248,53,18,39,46.2,10,24,41.7,7,9,77.8,2,14,16,27,5,7,0,21,128.7,0,0,2019-20
Derrick White,SAS,25,68,32,36,1677,765,253,552,45.8,79,216,36.6,180,211,85.3,35,188,223,241,89,44,59,152,1614.1,0,0,2019-20
Devin Booker,PHX,23,70,34,36,2512,1863,627,1283,48.9,141,398,35.4,468,509,91.9,29,268,297,456,264,49,18,213,2840.4,11,0,2019-20
Devon Hall,OKC,24,11,6,5,81,20,6,30,20,4,17,23.5,4,8,50,2,5,7,13,5,4,1,6,57.9,0,0,2019-20
Devontae Cacok,LAL,23,1,0,1,9,6,3,6,50,0,0,0,0,0,0,2,3,5,1,0,0,0,0,13.5,0,0,2019-20
Devonte' Graham,CHA,25,63,23,40,2211,1145,368,963,38.2,218,585,37.3,191,233,82,42,170,212,471,181,62,15,115,2155.9,17,0,2019-20
Dewan Hernandez,TOR,23,6,6,0,28,14,5,14,35.7,1,2,50,3,5,60,5,9,14,3,3,1,0,6,35.3,0,0,2019-20
Dewayne Dedmon,ATL,30,44,17,27,774,256,102,255,40,22,107,20.6,30,36,83.3,60,189,249,22,57,25,41,133,728.8,3,0,2019-20
Dillon Brooks,MEM,24,73,34,39,2112,1181,435,1068,40.7,147,411,35.8,164,203,80.8,68,175,243,150,124,63,27,278,1843.6,0,0,2019-20
Dion Waiters,LAL,28,10,4,6,207,111,41,99,41.4,15,47,31.9,14,17,82.4,2,22,24,20,16,4,6,21,183.8,0,0,2019-20
Domantas Sabonis,IND,24,62,37,25,2159,1147,458,848,54,17,67,25.4,214,296,72.3,189,582,771,310,170,47,30,195,2598.2,50,4,2019-20
Donovan Mitchell,UTA,23,69,43,26,2364,1655,602,1342,44.9,173,473,36.6,278,322,86.3,53,251,304,294,184,70,14,172,2528.8,1,0,2019-20
Donta Hall,BKN,22,9,4,5,133,39,15,22,68.2,0,0,0,9,18,50,14,24,38,4,5,3,6,23,112.6,0,0,2019-20
Donte DiVincenzo,MIL,23,66,53,13,1520,610,232,510,45.5,83,247,33.6,63,86,73.3,66,252,318,154,90,85,20,113,1447.6,1,0,2019-20
Dorian Finney-Smith,DAL,27,71,40,31,2120,678,243,522,46.6,114,303,37.6,78,108,72.2,145,260,405,114,69,45,39,178,1518,5,0,2019-20
Doug McDermott,IND,28,69,43,26,1372,710,267,547,48.8,128,294,43.5,48,58,82.8,26,148,174,78,42,12,5,117,1044.8,0,0,2019-20
Dragan Bender,GSW,22,16,10,6,286,107,41,92,44.6,15,43,34.9,10,14,71.4,16,57,73,28,21,4,9,42,254.6,0,0,2019-20
Draymond Green,GSW,30,43,10,33,1222,345,123,316,38.9,36,129,27.9,63,83,75.9,23,243,266,266,98,59,33,110,1241.2,8,2,2019-20
Drew Eubanks,SAS,23,22,13,9,272,107,43,67,64.2,1,1,100,20,26,76.9,28,57,85,15,21,5,17,37,276.5,0,0,2019-20
Duncan Robinson,MIA,26,73,44,29,2166,983,323,687,47,270,606,44.6,67,72,93.1,10,222,232,102,70,35,19,193,1506.4,1,0,2019-20
Dusty Hannahs,MEM,26,2,0,2,13,12,4,9,44.4,2,3,66.7,2,2,100,0,1,1,0,0,0,0,1,13.2,0,0,2019-20
Dwayne Bacon,CHA,24,39,10,29,687,224,85,244,34.8,19,67,28.4,35,53,66,15,85,100,52,37,23,2,52,460,0,0,2019-20
Dwight Howard,LAL,34,69,52,17,1306,517,202,277,72.9,3,5,60,110,214,51.4,172,335,507,45,84,31,79,222,1438.9,9,0,2019-20
Dwight Powell,DAL,28,40,25,15,1061,376,146,229,63.8,10,39,25.6,74,111,66.7,75,152,227,59,36,34,22,102,868.9,1,0,2019-20
Dzanan Musa,BKN,21,40,20,20,487,192,64,172,37.2,19,78,24.4,45,60,75,21,65,86,43,36,15,1,30,371.7,0,0,2019-20
E'Twaun Moore,NOP,31,56,27,29,1020,466,186,437,42.6,63,167,37.7,31,45,68.9,31,100,131,78,40,32,11,80,829.2,0,0,2019-20
Ed Davis,UTA,31,28,16,12,303,51,22,46,47.8,0,0,0,7,14,50,35,70,105,12,13,11,9,61,242,0,0,2019-20
Edmond Sumner,IND,24,31,16,15,447,152,61,142,43,14,53,26.4,16,29,55.2,11,35,46,55,22,15,9,44,339.7,0,0,2019-20
Elfrid Payton,NYK,26,45,17,28,1246,449,193,440,43.9,14,69,20.3,49,86,57,52,160,212,323,96,70,17,89,1352.9,6,1,2019-20
Elie Okobo,PHX,22,55,23,32,719,219,72,181,39.8,25,71,35.2,50,71,70.4,16,74,90,115,38,24,4,54,545.5,0,0,2019-20
Emmanuel Mudiay,UTA,24,54,34,20,850,395,151,327,46.2,30,87,34.5,63,83,75.9,18,108,126,116,76,24,10,72,746.2,0,0,2019-20
Enes Kanter,BOS,28,58,36,22,983,469,199,348,57.2,1,7,14.3,70,99,70.7,163,268,431,56,56,22,41,100,1203.2,9,0,2019-20
Eric Bledsoe,MIL,30,61,48,13,1646,911,334,703,47.5,74,215,34.4,169,214,79,43,239,282,328,148,57,26,128,1842.4,2,0,2019-20
Eric Gordon,HOU,31,36,21,15,1016,520,171,463,36.9,96,303,31.7,82,107,76.6,9,62,71,54,43,23,13,70,751.2,0,0,2019-20
Eric Mika,SAC,25,1,0,1,19,6,2,3,66.7,0,0,0,2,2,100,2,5,7,0,0,0,0,5,14.4,0,0,2019-20
Eric Paschall,GSW,23,60,14,46,1654,837,318,640,49.7,37,129,28.7,164,212,77.4,82,193,275,127,94,32,13,125,1398.5,4,0,2019-20
Ersan Ilyasova,MIL,33,63,48,15,986,414,146,313,46.6,50,137,36.5,72,87,82.8,62,240,302,49,34,24,17,95,938.9,5,0,2019-20
Evan Fournier,ORL,27,66,28,38,2076,1221,434,929,46.7,173,434,39.9,180,220,81.8,18,153,171,209,125,71,15,161,1872.7,0,0,2019-20
Evan Turner,MIN,31,19,3,16,251,62,25,67,37.3,0,5,0,12,14,85.7,8,30,38,38,26,9,8,20,189.6,0,0,2019-20
Frank Jackson,NOP,22,59,26,33,797,371,134,331,40.5,47,144,32.6,56,75,74.7,22,61,83,61,49,17,4,77,576.1,0,0,2019-20
Frank Kaminsky,PHX,27,39,19,20,777,378,138,307,45,41,124,33.1,61,90,67.8,35,141,176,75,37,14,10,75,736.7,1,0,2019-20
Frank Mason,MIL,26,9,6,3,118,62,23,51,45.1,6,21,28.6,10,17,58.8,5,14,19,29,11,5,1,11,135.3,0,0,2019-20
Frank Ntilikina,NYK,21,57,19,38,1187,357,131,333,39.3,44,137,32.1,51,59,86.4,23,98,121,172,71,54,16,142,899.2,1,0,2019-20
Fred VanVleet,TOR,26,54,40,14,1928,952,319,773,41.3,146,374,39,168,198,84.8,18,185,203,357,121,100,17,132,1961.1,8,0,2019-20
Furkan Korkmaz,PHI,22,72,42,30,1559,704,242,563,43,143,356,40.2,77,102,75.5,18,150,168,79,59,41,16,98,1136.1,0,0,2019-20
Gabe Vincent,MIA,24,9,5,4,83,22,8,37,21.6,6,27,22.2,0,0,0,0,5,5,6,1,5,0,6,51,0,0,2019-20
Garrett Temple,BKN,34,62,30,32,1730,641,222,587,37.8,127,386,32.9,70,87,80.5,29,189,218,156,62,49,29,108,1308.6,2,0,2019-20
Garrison Mathews,WAS,23,18,8,10,227,98,24,56,42.9,19,46,41.3,31,34,91.2,6,18,24,10,8,8,1,32,160.8,0,0,2019-20
Gary Clark,ORL,25,42,23,19,566,156,54,133,40.6,39,111,35.1,9,10,90,37,73,110,17,10,6,22,46,387.5,0,0,2019-20
Gary Harris,DEN,25,56,37,19,1780,581,218,519,42,70,210,33.3,75,92,81.5,26,137,163,118,60,76,14,116,1163.6,0,0,2019-20
Gary Payton II,WAS,27,29,13,16,432,113,48,116,41.4,13,46,28.3,4,8,50,26,54,80,48,20,33,7,54,381,1,0,2019-20
Gary Trent Jr.,POR,21,61,29,32,1332,541,196,441,44.4,112,268,41.8,37,45,82.2,25,75,100,61,21,48,16,90,923.5,0,0,2019-20
George Hill,MIL,34,59,47,12,1271,554,194,376,51.6,81,176,46,85,101,84.2,50,127,177,180,57,47,5,84,1135.4,0,0,2019-20
Georges Niang,UTA,27,66,41,25,923,392,141,322,43.8,90,225,40,20,24,83.3,15,112,127,44,30,18,5,75,649.4,0,0,2019-20
Giannis Antetokounmpo,MIL,25,63,51,12,1917,1857,685,1238,55.3,89,293,30.4,398,629,63.3,140,716,856,354,230,61,66,195,3566.2,56,4,2019-20
Glenn Robinson III,PHI,26,62,17,45,1786,727,288,592,48.6,77,197,39.1,74,86,86,81,189,270,96,55,54,16,100,1350,1,0,2019-20
Goga Bitadze,IND,20,54,32,22,471,172,70,150,46.7,8,42,19,24,33,72.7,25,81,106,23,28,10,37,65,446.7,1,0,2019-20
Goran Dragic,MIA,34,59,37,22,1663,953,319,724,44.1,124,338,36.7,191,246,77.6,29,158,187,301,144,40,10,124,1634.9,3,0,2019-20
Gordon Hayward,BOS,30,52,34,18,1740,909,350,700,50,85,222,38.3,124,145,85.5,55,293,348,212,96,38,22,96,1728.6,8,0,2019-20
Gorgui Dieng,MEM,30,63,20,43,1096,464,166,364,45.6,54,152,35.5,78,101,77.2,91,263,354,73,60,51,59,124,1268.3,9,0,2019-20
Grant Williams,BOS,21,69,47,22,1043,237,87,211,41.2,24,96,25,39,54,72.2,59,119,178,68,50,30,36,163,700.6,0,0,2019-20
Grayson Allen,MEM,24,38,16,22,718,330,117,251,46.6,57,141,40.4,39,45,86.7,8,77,85,52,33,10,2,53,513,0,0,2019-20
Hamidou Diallo,OKC,21,46,25,21,896,318,132,296,44.6,16,57,28.1,38,63,60.3,44,123,167,36,51,37,9,101,659.4,3,0,2019-20
Harrison Barnes,SAC,28,72,31,41,2482,1046,365,793,46,102,268,38.1,214,267,80.1,77,278,355,159,88,43,12,93,1787.5,4,0,2019-20
Harry Giles III,SAC,22,46,22,24,667,316,139,251,55.4,0,2,0,38,49,77.6,43,145,188,60,44,22,18,119,707.6,2,0,2019-20
Hassan Whiteside,POR,31,67,34,33,2008,1040,436,702,62.1,4,7,57.1,164,239,68.6,258,647,905,78,120,26,196,196,2789,51,0,2019-20
Henry Ellenson,BKN,23,5,2,3,15,2,1,7,14.3,0,4,0,0,0,0,2,4,6,1,0,0,0,1,10.7,0,0,2019-20
Ian Mahinmi,WAS,33,38,15,23,808,283,104,210,49.5,5,26,19.2,70,113,61.9,78,140,218,49,45,31,44,114,798.1,1,0,2019-20
Ignas Brazdeikis,NYK,21,9,1,8,53,17,6,22,27.3,1,9,11.1,4,5,80,2,3,5,4,2,0,1,3,30,0,0,2019-20
Iman Shumpert,BKN,30,13,9,4,241,54,21,64,32.8,8,33,24.2,4,7,57.1,9,25,34,12,10,12,2,21,144.8,0,0,2019-20
Isaac Bonga,WAS,20,66,22,44,1250,330,118,234,50.4,25,71,35.2,69,85,81.2,71,151,222,76,58,45,22,156,853.4,0,0,2019-20
Isaiah Hartenstein,HOU,22,23,16,7,266,107,44,67,65.7,0,5,0,19,28,67.9,29,61,90,18,16,9,12,41,289,2,0,2019-20
Isaiah Roby,OKC,22,3,2,1,11,0,0,1,0,0,0,0,0,0,0,0,2,2,0,1,0,0,1,1.4,0,0,2019-20
Isaiah Thomas,WAS,31,40,14,26,925,488,174,426,40.8,78,189,41.3,62,76,81.6,11,57,68,146,77,13,6,77,768.6,1,0,2019-20
Ish Smith,WAS,31,68,23,45,1787,740,308,689,44.7,62,169,36.7,62,86,72.1,30,189,219,334,95,59,30,106,1675.8,1,0,2019-20
Ivica Zubac,LAC,23,72,49,23,1326,596,236,385,61.3,0,2,0,124,166,74.7,197,346,543,82,61,16,66,168,1555.6,10,0,2019-20
J.J. Barea,DAL,36,29,15,14,450,222,85,207,41.1,32,85,37.6,20,22,90.9,10,43,53,112,38,5,2,27,436.6,0,0,2019-20
J.P. Macura,CLE,25,1,1,0,1,0,0,0,0,0,0,0,0,0,0,0,0,0,0,0,0,0,0,0,0,0,2019-20
JJ Redick,NOP,36,60,26,34,1581,917,286,631,45.3,180,397,45.3,165,185,89.2,10,141,151,119,75,20,11,96,1294.7,0,0,2019-20
JR Smith,LAL,34,6,2,4,79,17,7,22,31.8,1,11,9.1,2,2,100,0,5,5,3,4,1,0,5,26.5,0,0,2019-20
Ja Morant,MEM,20,67,33,34,2074,1193,447,937,47.7,60,179,33.5,239,308,77.6,51,208,259,488,220,58,18,110,2243.8,15,2,2019-20
JaKarr Sampson,IND,27,34,21,13,471,156,68,115,59.1,2,13,15.4,18,27,66.7,20,68,88,21,15,16,12,64,362.1,0,0,2019-20
JaMychal Green,LAC,30,63,43,20,1307,430,151,352,42.9,92,238,38.7,36,48,75,77,311,388,49,54,29,24,174,1074.1,7,0,2019-20
JaVale McGee,LAL,32,68,51,17,1130,446,195,306,63.7,3,6,50,53,82,64.6,125,265,390,37,55,36,94,159,1304.5,2,0,2019-20
Jabari Parker,SAC,25,38,9,29,918,531,219,429,51,32,119,26.9,61,81,75.3,61,153,214,68,64,45,16,99,1008.8,2,0,2019-20
Jacob Evans,MIN,23,29,8,21,418,128,45,134,33.6,13,39,33.3,25,29,86.2,9,32,41,31,25,11,12,41,267.7,0,0,2019-20
Jae Crowder,MIA,29,65,29,36,1875,684,226,563,40.1,135,394,34.3,97,125,77.6,52,332,384,161,69,72,24,143,1605.3,6,0,2019-20
Jahlil Okafor,NOP,24,30,9,21,467,243,101,162,62.3,1,3,33.3,40,62,64.5,48,79,127,37,38,7,22,67,499.9,2,0,2019-20
Jake Layman,MIN,26,23,11,12,505,210,81,179,45.3,24,72,33.3,24,32,75,17,40,57,15,24,17,10,47,357.9,0,0,2019-20
Jakob Poeltl,SAS,24,66,30,36,1171,372,166,266,62.4,0,0,0,40,86,46.5,131,244,375,116,54,37,95,126,1338,4,0,2019-20
Jalen Brunson,DAL,23,57,34,23,1022,466,181,388,46.6,43,120,35.8,61,75,81.3,22,112,134,188,66,22,4,74,920.8,2,0,2019-20
Jalen Lecque,PHX,20,5,2,3,32,10,4,10,40,0,4,0,2,2,100,0,2,2,2,2,0,0,3,13.4,0,0,2019-20
Jalen McDaniels,CHA,22,16,7,9,293,89,33,70,47.1,9,24,37.5,14,17,82.4,15,50,65,13,11,8,3,36,208.5,0,0,2019-20
Jamal Crawford,BKN,40,1,1,0,6,5,2,4,50,1,2,50,0,0,0,0,0,0,3,0,0,0,1,9.5,0,0,2019-20
Jamal Murray,DEN,23,59,38,21,1903,1091,408,894,45.6,112,324,34.6,163,185,88.1,45,191,236,284,127,67,17,102,1925.2,3,0,2019-20
James Ennis III,ORL,29,69,42,27,1266,454,160,359,44.6,55,169,32.5,79,98,80.6,71,174,245,63,58,35,22,137,955.5,1,0,2019-20
James Harden,HOU,30,68,43,25,2483,2335,672,1514,44.4,299,843,35.5,692,800,86.5,70,376,446,512,308,125,60,227,3885.2,22,4,2019-20
James Johnson,MIN,33,32,14,18,620,270,103,215,47.9,33,91,36.3,31,48,64.6,25,93,118,74,48,25,32,80,645.6,0,0,2019-20
Jared Dudley,LAL,34,45,30,15,364,68,24,60,40,18,42,42.9,2,2,100,6,46,52,28,8,15,3,41,218.4,0,0,2019-20
Jared Harper,NYK,22,3,1,2,8,2,1,4,25,0,2,0,0,0,0,0,0,0,0,0,0,0,0,2,0,0,2019-20
Jaren Jackson Jr.,MEM,20,57,28,29,1622,990,353,753,46.9,145,368,39.4,139,186,74.7,55,207,262,78,99,40,92,232,1718.4,3,0,2019-20
Jarred Vanderbilt,MIN,21,11,6,5,47,12,5,8,62.5,0,1,0,2,2,100,3,6,9,2,7,3,1,6,30.8,0,0,2019-20
Jarrell Brantley,UTA,24,9,3,6,96,24,10,28,35.7,3,13,23.1,1,2,50,2,18,20,11,7,3,5,7,81.5,0,0,2019-20
Jarrett Allen,BKN,22,70,33,37,1852,775,302,465,64.9,0,6,0,171,270,63.3,216,455,671,110,77,40,92,162,2064.2,30,0,2019-20
Jarrett Culver,MIN,21,63,19,44,1506,580,230,569,40.4,66,221,29.9,54,117,46.2,70,142,212,110,81,57,38,125,1203.4,0,0,2019-20
Jarrod Uthoff,WAS,27,7,4,3,53,19,7,18,38.9,3,9,33.3,2,2,100,2,4,6,0,0,1,0,2,29.2,0,0,2019-20
Javonte Green,BOS,26,48,33,15,468,163,63,126,50,9,33,27.3,28,42,66.7,24,69,93,26,23,24,8,43,386.6,0,0,2019-20
Jaxson Hayes,NOP,20,64,28,36,1080,472,174,259,67.2,1,4,25,123,190,64.7,97,162,259,56,53,26,55,161,1056.8,3,0,2019-20
Jaylen Brown,BOS,23,57,38,19,1934,1159,427,887,48.1,129,338,38.2,176,243,72.4,62,302,364,118,125,65,20,167,1902.8,8,0,2019-20
Jaylen Hoard,POR,21,13,7,6,103,38,15,32,46.9,0,3,0,8,13,61.5,14,18,32,4,4,5,0,12,93.4,0,0,2019-20
Jaylen Nowell,MIN,20,15,2,13,151,57,19,53,35.8,3,26,11.5,16,17,94.1,3,10,13,19,3,3,1,11,110.1,0,0,2019-20
Jayson Tatum,BOS,22,66,46,20,2265,1547,552,1226,45,189,469,40.3,254,313,81.2,64,396,460,200,155,93,57,136,2694,10,0,2019-20
Jeff Green,HOU,33,48,28,20,960,453,159,344,46.2,62,183,33.9,73,91,80.2,24,109,133,50,42,26,19,89,780.6,0,0,2019-20
Jeff Teague,ATL,32,59,22,37,1464,641,213,489,43.6,43,117,36.8,172,197,87.3,27,115,142,308,116,44,19,106,1346.4,3,0,2019-20
Jerami Grant,DEN,26,71,45,26,1892,851,303,634,47.8,98,252,38.9,147,196,75,58,190,248,88,63,50,57,154,1538.6,0,0,2019-20
Jeremiah Martin,BKN,24,9,6,3,99,64,24,53,45.3,5,18,27.8,11,14,78.6,1,9,10,18,4,7,2,7,126,0,0,2019-20
Jeremy Lamb,IND,28,46,27,19,1291,577,216,479,45.1,53,158,33.5,92,110,83.6,24,176,200,96,50,55,22,104,1142,2,0,2019-20
Jeremy Pargo,GSW,34,3,0,3,44,25,11,22,50,3,7,42.9,0,1,0,1,2,3,8,4,1,0,8,39.6,0,0,2019-20
Jerian Grant,WAS,27,6,1,5,80,27,10,27,37,2,8,25,5,7,71.4,2,4,6,9,3,1,1,11,50.7,0,0,2019-20
Jerome Robinson,WAS,23,63,36,27,979,319,115,310,37.1,49,153,32,40,57,70.2,13,116,129,87,49,28,17,112,690.3,0,0,2019-20
Jevon Carter,PHX,24,58,29,29,945,287,101,243,41.6,62,146,42.5,23,27,85.2,30,88,118,84,32,47,17,86,714.6,0,0,2019-20
Jimmy Butler,MIA,30,58,38,20,1959,1157,345,758,45.5,29,119,24.4,438,525,83.4,106,280,386,350,127,103,32,81,2423.2,11,3,2019-20
Joakim Noah,LAC,35,5,4,1,50,14,4,8,50,0,0,0,6,8,75,5,11,16,7,6,1,1,9,43.7,0,0,2019-20
Joe Chealey,CHA,24,4,1,3,33,2,0,7,0,0,4,0,2,2,100,0,0,0,1,2,4,0,2,13.5,0,0,2019-20
Joe Harris,BKN,28,69,33,36,2123,998,381,784,48.6,172,406,42.4,64,89,71.9,64,234,298,144,104,41,17,159,1641.6,0,0,2019-20
Joe Ingles,UTA,32,72,44,28,2137,707,246,553,44.5,141,353,39.9,74,94,78.7,27,251,278,373,142,65,11,154,1686.1,3,0,2019-20
Joel Embiid,PHI,26,51,32,19,1506,1172,382,801,47.7,57,172,33.1,351,435,80.7,141,452,593,152,159,45,65,174,2282.6,37,0,2019-20
John Collins,ATL,22,41,15,26,1363,885,353,605,58.3,59,147,40.1,120,150,80,116,300,416,60,75,31,66,138,1690.2,22,0,2019-20
John Henson,DET,29,40,8,32,600,221,95,171,55.6,8,36,22.2,23,46,50,46,116,162,54,36,24,42,78,658.4,1,0,2019-20
John Konchar,MEM,24,19,9,10,181,54,24,37,64.9,5,10,50,1,2,50,18,29,47,22,7,7,3,7,166.4,0,0,2019-20
Johnathan Motley,LAC,25,13,8,5,41,28,11,15,73.3,1,1,100,5,7,71.4,3,7,10,8,5,3,0,6,56,0,0,2019-20
Johnathan Williams,WAS,25,15,7,8,180,45,19,34,55.9,0,2,0,7,13,53.8,24,40,64,8,5,1,8,16,155.8,0,0,2019-20
Jonah Bolden,PHX,24,7,6,1,47,10,4,11,36.4,0,4,0,2,4,50,3,6,9,0,2,3,2,10,33.8,0,0,2019-20
Jonas Valanciunas,MEM,28,70,32,38,1845,1044,432,739,58.5,32,91,35.2,148,200,74,213,575,788,131,127,30,76,185,2377.1,39,1,2019-20
Jonathan Isaac,ORL,22,34,15,19,980,404,156,332,47,32,94,34,60,77,77.9,58,173,231,48,49,53,78,83,1097.2,5,0,2019-20
Jordan Bell,CLE,25,29,8,21,256,93,35,67,52.2,4,12,33.3,19,31,61.3,30,51,81,16,21,3,10,19,232.2,0,0,2019-20
Jordan Bone,DET,22,10,3,7,53,12,5,20,25,2,10,20,0,0,0,0,4,4,8,2,1,0,6,29.8,0,0,2019-20
Jordan Clarkson,UTA,28,71,34,37,1705,1078,394,867,45.4,152,413,36.8,138,165,83.6,50,137,187,136,97,46,16,108,1595.4,0,0,2019-20
Jordan McLaughlin,MIN,24,30,7,23,590,229,87,178,48.9,29,76,38.2,26,39,66.7,7,42,49,125,31,34,4,31,558.3,2,0,2019-20
Jordan McRae,DET,29,37,12,25,785,426,149,366,40.7,45,126,35.7,83,109,76.1,18,106,124,93,43,21,16,73,782.3,0,0,2019-20
Jordan Poole,GSW,21,57,12,45,1274,503,167,502,33.3,74,265,27.9,95,119,79.8,9,109,118,134,74,35,10,94,906.6,0,0,2019-20
Josh Gray,NOP,26,2,1,1,23,2,1,2,50,0,0,0,0,0,0,1,1,2,2,5,0,0,1,2.4,0,0,2019-20
Josh Hart,NOP,25,65,26,39,1755,656,225,532,42.3,121,354,34.2,85,115,73.9,61,364,425,108,75,63,23,160,1511,10,0,2019-20
Josh Jackson,MEM,23,22,10,12,381,198,70,159,44,23,72,31.9,35,50,70,11,55,66,35,28,18,9,40,382.7,0,0,2019-20
Josh Magette,ORL,30,8,3,5,38,12,5,15,33.3,1,4,25,1,2,50,1,5,6,5,5,3,1,4,33.7,0,0,2019-20
Josh Okogie,MIN,21,62,19,43,1547,533,170,398,42.7,41,154,26.6,152,191,79.6,87,181,268,99,87,68,26,139,1198.1,0,0,2019-20
Josh Reaves,DAL,23,4,2,2,28,8,3,9,33.3,0,2,0,2,2,100,1,2,3,3,0,0,0,5,16.1,0,0,2019-20
Josh Richardson,PHI,26,55,33,22,1693,755,278,646,43,85,249,34.1,114,141,80.9,41,133,174,162,104,52,36,136,1366.8,0,0,2019-20
Jrue Holiday,NOP,30,61,26,35,2117,1167,458,1006,45.5,122,346,35.3,129,182,70.9,77,216,293,408,184,99,48,145,2387.6,10,1,2019-20
Juan Toscano-Anderson,GSW,27,13,3,10,272,69,29,63,46,8,23,34.8,3,5,60,9,43,52,26,16,13,5,30,208.4,0,0,2019-20
Juancho Hernangomez,MIN,24,48,24,24,834,288,100,247,40.5,44,129,34.1,44,71,62,43,154,197,40,32,19,9,64,636.4,4,0,2019-20
Julius Randle,NYK,25,64,21,43,2080,1248,463,1006,46,64,231,27.7,258,352,73.3,151,471,622,198,193,51,22,178,2317.4,30,0,2019-20
Justin Anderson,BKN,26,10,6,4,107,28,10,38,26.3,6,29,20.7,2,4,50,1,20,21,8,4,0,6,13,79.2,0,0,2019-20
Justin Holiday,IND,31,73,45,28,1826,603,208,486,42.8,134,331,40.5,53,67,79.1,32,206,238,93,44,87,46,137,1383.1,0,0,2019-20
Justin Jackson,DAL,25,65,39,26,1045,360,135,341,39.6,48,163,29.4,42,50,84,27,127,154,52,14,15,10,69,683.8,0,0,2019-20
Justin James,SAC,23,36,14,22,232,89,35,84,41.7,9,29,31,10,21,47.6,6,26,32,18,8,6,9,17,191.4,0,0,2019-20
Justin Patton,DET,23,5,2,3,24,9,4,10,40,1,4,25,0,0,0,1,4,5,2,2,0,0,4,16,0,0,2019-20
Justin Robinson,WAS,22,9,2,7,49,13,5,12,41.7,3,5,60,0,0,0,1,4,5,7,3,0,1,2,29.5,0,0,2019-20
Justin Wright-Foreman,UTA,22,4,1,3,45,19,7,20,35,2,10,20,3,4,75,0,5,5,7,3,2,0,5,38.5,0,0,2019-20
Justise Winslow,MEM,24,11,7,4,352,124,50,129,38.8,6,27,22.2,18,27,66.7,16,57,73,44,24,7,5,38,289.6,1,0,2019-20
Jusuf Nurkic,POR,25,8,6,2,253,141,54,109,49.5,2,10,20,31,35,88.6,23,59,82,32,19,11,16,39,349.4,3,0,2019-20
Juwan Morgan,UTA,23,21,12,9,134,36,15,26,57.7,3,8,37.5,3,4,75,10,19,29,6,6,1,2,19,82.8,0,0,2019-20
KZ Okpala,MIA,21,5,2,3,26,7,3,5,60,0,1,0,1,2,50,1,4,5,1,1,2,1,2,22.5,0,0,2019-20
Kadeem Allen,NYK,27,10,3,7,117,50,19,44,43.2,5,16,31.3,7,11,63.6,2,7,9,21,8,5,2,7,105.3,0,0,2019-20
Karl-Anthony Towns,MIN,24,35,10,25,1187,926,316,622,50.8,114,277,41.2,180,226,79.6,95,283,378,153,110,33,42,117,1724.1,24,0,2019-20
Kawhi Leonard,LAC,29,57,41,16,1848,1543,532,1133,47,123,325,37.8,356,402,88.6,54,348,402,280,149,103,33,113,2704.4,13,1,2019-20
Keita Bates-Diop,DEN,24,44,10,34,744,288,100,234,42.7,34,103,33,54,75,72,25,102,127,30,17,19,24,43,597.4,0,0,2019-20
Kelan Martin,MIN,24,31,12,19,495,197,71,181,39.2,25,96,26,30,31,96.8,12,84,96,23,20,7,9,51,374.7,0,0,2019-20
Keldon Johnson,SAS,20,17,8,9,301,154,53,89,59.6,13,22,59.1,35,44,79.5,10,47,57,15,13,14,2,28,279.9,1,0,2019-20
Kelly Olynyk,MIA,29,67,41,26,1300,549,184,398,46.2,95,234,40.6,86,100,86,44,261,305,116,71,45,23,173,1222,3,0,2019-20
Kelly Oubre Jr.,PHX,24,56,22,34,1933,1046,373,826,45.2,108,307,35.2,192,246,78,67,294,361,85,83,71,40,192,1856.7,9,0,2019-20
Kemba Walker,BOS,30,56,37,19,1742,1145,378,889,42.5,180,473,38.1,209,242,86.4,36,181,217,268,117,48,28,91,1918.4,2,0,2019-20
Kendrick Nunn,MIA,24,67,42,25,1962,1024,401,914,43.9,137,391,35,85,100,85,21,159,180,220,114,56,15,152,1669,0,0,2019-20
Kenrich Williams,NOP,25,39,12,27,832,136,51,147,34.7,25,97,25.8,9,26,34.6,51,135,186,57,22,27,21,88,566.7,0,0,2019-20
Kent Bazemore,SAC,30,68,32,36,1688,597,200,534,37.5,84,244,34.4,113,147,76.9,27,267,294,93,91,74,40,196,1340.3,0,0,2019-20
Kentavious Caldwell-Pope,LAL,27,69,51,18,1762,645,237,507,46.7,92,239,38.5,79,102,77.5,38,104,142,111,62,57,14,128,1132.9,0,0,2019-20
Kevin Hervey,OKC,23,10,3,7,52,17,7,27,25.9,3,20,15,0,0,0,1,11,12,5,0,1,1,4,44.9,0,0,2019-20
Kevin Huerter,ATL,21,56,19,37,1760,684,252,610,41.3,127,334,38,53,64,82.8,35,193,228,213,87,51,27,139,1424.1,2,0,2019-20
Kevin Knox II,NYK,20,65,21,44,1166,419,144,401,35.9,65,199,32.7,66,101,65.3,28,156,184,61,45,23,28,106,839.3,0,0,2019-20
Kevin Love,CLE,31,56,16,40,1780,987,327,727,45,146,390,37.4,187,219,85.4,54,493,547,178,140,33,19,90,1926.4,23,0,2019-20
Kevin Porter Jr.,CLE,20,50,15,35,1162,498,186,421,44.2,53,158,33.5,73,101,72.3,22,140,162,109,93,46,14,135,942.9,0,0,2019-20
Kevon Looney,GSW,24,20,6,14,262,68,29,79,36.7,1,14,7.1,9,12,75,28,38,66,20,12,12,6,34,219.2,0,0,2019-20
Khem Birch,ORL,27,48,19,29,922,212,73,143,51,0,1,0,66,101,65.3,91,129,220,50,31,20,23,91,649,0,0,2019-20
Khris Middleton,MIL,28,62,46,16,1853,1297,471,947,49.7,147,354,41.5,208,227,91.6,44,338,382,265,137,53,7,142,2195.9,7,0,2019-20
Khyri Thomas,DET,24,8,2,6,61,17,5,17,29.4,5,14,35.7,2,4,50,1,0,1,3,3,3,0,9,28.7,0,0,2019-20
Kostas Antetokounmpo,LAL,22,5,3,2,20,7,3,3,100,0,0,0,1,2,50,2,1,3,2,1,0,0,2,12.6,0,0,2019-20
Kris Dunn,CHI,26,51,19,32,1269,373,152,342,44.4,29,112,25.9,40,54,74.1,23,163,186,173,68,101,17,158,1141.7,0,0,2019-20
Kristaps Porzingis,DAL,24,57,32,25,1814,1164,398,932,42.7,142,403,35.2,226,283,79.9,100,440,540,102,92,41,115,185,2341,25,0,2019-20
Ky Bowman,GSW,23,45,9,36,1015,335,134,321,41.7,33,107,30.8,34,41,82.9,24,97,121,131,70,44,10,102,768.7,0,0,2019-20
Kyle Alexander,MIA,23,2,0,2,13,2,1,2,50,0,0,0,0,0,0,2,1,3,0,1,0,0,1,4.6,0,0,2019-20
Kyle Anderson,MEM,26,67,32,35,1330,390,157,331,47.4,24,85,28.2,52,78,66.7,58,227,285,162,66,54,37,111,1182,0,0,2019-20
Kyle Guy,SAC,22,3,2,1,10,4,2,5,40,0,3,0,0,0,0,0,1,1,1,0,0,0,1,6.7,0,0,2019-20
Kyle Korver,MIL,39,58,43,15,960,386,126,293,43,99,237,41.8,35,41,85.4,15,107,122,68,48,26,12,78,700.4,0,0,2019-20
Kyle Kuzma,LAL,24,61,46,15,1526,782,291,668,43.6,86,272,31.6,114,155,73.5,52,221,273,80,91,28,26,126,1300.6,2,0,2019-20
Kyle Lowry,TOR,34,58,41,17,2098,1126,334,803,41.6,164,466,35.2,294,343,85.7,32,260,292,433,178,82,26,190,2271.9,15,2,2019-20
Kyle O'Quinn,PHI,30,29,18,11,313,102,42,85,49.4,7,27,25.9,11,20,55,34,82,116,51,20,7,24,37,390.7,2,0,2019-20
Kyrie Irving,BKN,28,20,8,12,658,548,199,416,47.8,56,142,39.4,94,102,92.2,22,81,103,128,52,27,10,53,922.6,3,1,2019-20
LaMarcus Aldridge,SAS,34,53,23,30,1754,1001,391,793,49.3,61,157,38.9,158,191,82.7,103,289,392,129,74,36,87,128,1959.9,14,0,2019-20
Lance Thomas,BKN,32,7,4,3,98,24,8,23,34.8,4,13,30.8,4,4,100,2,11,13,6,6,0,0,11,42.6,0,0,2019-20
Landry Shamet,LAC,23,53,34,19,1452,492,158,391,40.4,111,296,37.5,65,76,85.5,6,94,100,99,42,20,10,142,808.5,0,0,2019-20
Langston Galloway,DET,28,66,20,46,1702,677,236,542,43.5,132,331,39.9,73,85,85.9,33,116,149,101,40,48,11,96,1144.3,0,0,2019-20
Larry Nance Jr.,CLE,27,56,16,40,1472,564,229,431,53.1,56,159,35.2,50,74,67.6,106,303,409,123,60,56,22,91,1413.3,12,0,2019-20
Lauri Markkanen,CHI,23,50,18,32,1492,737,251,591,42.5,109,317,34.4,126,153,82.4,60,253,313,74,81,42,23,96,1337.6,3,0,2019-20
LeBron James,LAL,35,67,50,17,2316,1698,643,1303,49.3,148,425,34.8,264,381,69.3,66,459,525,684,261,78,36,118,3435,46,13,2019-20
Lonnie Walker IV,SAS,21,61,29,32,988,389,152,357,42.6,41,101,40.6,44,61,72.1,23,116,139,68,44,32,14,78,751.8,0,0,2019-20
Lonzo Ball,NOP,22,63,26,37,2025,745,277,687,40.3,148,395,37.5,43,76,56.6,71,312,383,438,193,88,38,128,2046.6,12,3,2019-20
Lou Williams,LAC,33,65,44,21,1864,1185,391,936,41.8,111,315,35.2,292,339,86.1,31,170,201,365,182,43,12,80,1956.7,2,0,2019-20
Louis King,DET,21,10,3,7,62,20,8,21,38.1,4,11,36.4,0,3,0,1,9,10,5,2,2,0,10,43.5,0,0,2019-20
Luc Mbah a Moute,HOU,33,3,1,2,25,5,2,5,40,0,2,0,1,2,50,1,1,2,0,1,2,0,0,12.4,0,0,2019-20
Luguentz Dort,OKC,21,36,26,10,820,244,86,218,39.4,30,101,29.7,42,53,79.2,24,57,81,27,22,31,4,97,464.7,0,0,2019-20
Luka Doncic,DAL,21,61,36,25,2047,1759,581,1255,46.3,171,541,31.6,426,562,75.8,78,495,573,538,260,62,14,153,3221.6,39,17,2019-20
Luka Samanic,SAS,20,3,1,2,48,16,5,16,31.3,3,8,37.5,3,4,75,1,9,10,6,2,0,2,6,41,0,0,2019-20
Luke Kennard,DET,24,28,11,17,922,442,151,342,44.2,73,183,39.9,67,75,89.3,9,89,98,115,43,12,6,65,743.1,0,0,2019-20
Luke Kornet,CHI,24,36,11,25,559,215,82,187,43.9,31,108,28.7,20,28,71.4,22,62,84,32,14,11,26,54,460.8,0,0,2019-20
Malcolm Brogdon,IND,27,54,34,20,1666,893,326,744,43.8,75,230,32.6,166,186,89.2,46,216,262,381,131,35,10,98,1782.9,9,0,2019-20
Malcolm Miller,TOR,27,28,24,4,162,35,12,29,41.4,8,22,36.4,3,8,37.5,2,14,16,11,4,5,2,18,87.7,0,0,2019-20
Malik Beasley,MIN,23,55,30,25,1209,615,227,534,42.5,107,276,38.8,54,66,81.8,18,130,148,75,57,40,8,77,992.1,1,0,2019-20
Malik Monk,CHA,22,55,18,37,1169,564,212,488,43.4,58,204,28.4,82,100,82,27,130,157,114,77,25,16,74,969.4,1,0,2019-20
Malik Newman,CLE,23,1,0,1,4,2,0,2,0,0,1,0,2,2,100,0,0,0,0,1,0,0,0,1,0,0,2019-20
Marc Gasol,TOR,35,44,35,9,1161,331,119,279,42.7,57,148,38.5,36,49,73.5,31,244,275,147,59,34,38,124,1038.5,3,0,2019-20
Marco Belinelli,SAS,34,57,27,30,883,361,123,314,39.2,67,178,37.6,48,58,82.8,7,92,99,69,19,12,1,45,603.3,0,0,2019-20
Marcus Morris Sr.,LAC,30,62,26,36,1936,1033,355,810,43.8,142,348,40.8,181,220,82.3,59,252,311,86,97,47,30,180,1669.2,3,0,2019-20
Marcus Smart,BOS,26,60,39,21,1919,776,256,682,37.5,137,395,34.7,127,152,83.6,42,183,225,291,103,101,29,162,1769.5,3,0,2019-20
Marial Shayok,PHI,24,4,2,2,28,11,3,12,25,2,6,33.3,3,4,75,1,6,7,1,3,0,1,4,20.9,0,0,2019-20
Mario Hezonja,POR,25,53,24,29,871,256,92,218,42.2,24,78,30.8,48,59,81.4,30,154,184,50,42,36,9,107,644.8,1,0,2019-20
Markelle Fultz,ORL,22,72,33,39,1996,870,359,772,46.5,36,135,26.7,116,159,73,41,197,238,369,147,90,11,142,1865.1,4,1,2019-20
Markieff Morris,LAL,30,58,22,36,1188,560,203,458,44.3,88,228,38.6,66,85,77.6,40,178,218,77,76,31,17,133,1005.1,1,0,2019-20
Marko Guduric,MEM,25,44,19,25,484,173,62,157,39.5,25,83,30.1,24,26,92.3,14,59,73,45,36,12,8,34,352.1,0,0,2019-20
Marques Bolden,CLE,22,1,0,1,3,0,0,0,0,0,0,0,0,0,0,0,2,2,0,0,1,0,1,5.4,0,0,2019-20
Marquese Chriss,GSW,22,59,15,44,1196,548,210,385,54.5,8,39,20.5,120,156,76.9,114,251,365,114,78,39,62,122,1382,9,0,2019-20
Marvin Bagley III,SAC,21,13,2,11,334,185,78,167,46.7,4,22,18.2,25,31,80.6,29,68,97,10,18,6,12,43,352.4,3,0,2019-20
Marvin Williams,MIL,34,58,21,37,1129,343,119,267,44.6,56,156,35.9,49,57,86,31,153,184,60,33,36,30,103,818.8,0,0,2019-20
Mason Plumlee,DEN,30,61,38,23,1057,437,177,288,61.5,0,5,0,83,155,53.5,98,219,317,154,82,33,38,143,1179.4,2,0,2019-20
Matisse Thybulle,PHI,23,65,40,25,1287,305,112,265,42.3,56,157,35.7,25,41,61,44,63,107,79,51,93,47,141,920.9,0,0,2019-20
Matt Mooney,CLE,23,4,0,4,19,2,1,4,25,0,2,0,0,0,0,0,3,3,1,0,2,1,1,16.1,0,0,2019-20
Matt Thomas,TOR,25,41,31,10,440,202,73,150,48.7,47,99,47.5,9,12,75,9,52,61,22,16,10,1,38,325.2,0,0,2019-20
Matthew Dellavedova,CLE,29,57,17,40,821,177,62,175,35.4,21,91,23.1,32,37,86.5,18,57,75,180,59,20,2,78,544,1,0,2019-20
Maurice Harkless,NYK,27,62,39,23,1427,357,142,283,50.2,34,98,34.7,39,66,59.1,55,185,240,68,53,58,33,148,967,0,0,2019-20
Max Strus,CHI,24,2,0,2,6,5,2,3,66.7,0,1,0,1,1,100,1,0,1,0,0,0,0,1,6.2,0,0,2019-20
Maxi Kleber,DAL,28,74,42,32,1890,672,237,514,46.1,119,319,37.3,79,93,84.9,112,276,388,88,58,25,83,176,1535.6,2,0,2019-20
Melvin Frazier Jr.,ORL,23,19,6,13,126,40,15,34,44.1,8,16,50,2,4,50,2,8,10,3,5,9,2,11,84.5,0,0,2019-20
Meyers Leonard,MIA,28,51,34,17,1034,309,119,234,50.9,53,128,41.4,18,28,64.3,30,230,260,55,39,14,15,107,751.5,2,0,2019-20
Mfiondu Kabengele,LAC,22,12,9,3,64,42,14,32,43.8,9,20,45,5,5,100,1,10,11,2,2,2,2,9,68.2,0,0,2019-20
Michael Carter-Williams,ORL,28,45,21,24,833,323,111,260,42.7,22,75,29.3,79,95,83.2,46,101,147,109,52,49,22,87,823.9,0,0,2019-20
Michael Frazier II,HOU,26,13,7,6,145,27,7,29,24.1,4,23,17.4,9,14,64.3,1,9,10,2,5,2,0,22,43,0,0,2019-20
Michael Kidd-Gilchrist,DAL,26,25,12,13,281,60,22,66,33.3,5,20,25,11,14,78.6,14,53,67,14,16,2,6,37,169.4,0,0,2019-20
Michael Porter Jr.,DEN,22,55,36,19,903,512,195,383,50.9,62,147,42.2,60,72,83.3,66,193,259,46,49,27,25,100,998.8,9,0,2019-20
Mikal Bridges,PHX,23,73,34,39,2042,667,247,484,51,70,194,36.1,103,122,84.4,66,226,292,129,73,102,46,163,1581.9,1,0,2019-20
Mike Conley,UTA,32,47,26,21,1363,675,232,567,40.9,96,256,37.5,115,139,82.7,33,118,151,208,92,36,5,104,1199.2,0,0,2019-20
Mike Muscala,OKC,28,47,26,21,572,226,77,189,40.7,54,143,37.8,18,22,81.8,16,92,108,40,17,9,12,58,461.6,0,0,2019-20
Mike Scott,PHI,31,68,39,29,1207,408,149,350,42.6,80,217,36.9,30,37,81.1,65,183,248,56,26,22,5,96,844.6,0,0,2019-20
Miles Bridges,CHA,22,65,23,42,1996,843,319,753,42.4,99,300,33,106,131,80.9,88,274,362,114,95,40,48,132,1617.4,4,0,2019-20
Mitchell Robinson,NYK,22,61,20,41,1412,590,253,341,74.2,0,0,0,84,148,56.8,186,242,428,36,37,52,119,194,1633.6,8,0,2019-20
Miye Oni,UTA,22,10,5,5,109,35,12,32,37.5,7,19,36.8,4,5,80,5,12,17,4,4,4,2,9,75.4,0,0,2019-20
Mo Bamba,ORL,22,62,30,32,878,332,132,286,46.2,37,107,34.6,31,46,67.4,100,202,302,42,42,23,86,116,1042.4,2,0,2019-20
Monte Morris,DEN,25,73,46,27,1637,660,260,566,45.9,65,172,37.8,75,89,84.3,24,113,137,255,53,55,17,73,1369.9,0,0,2019-20
Montrezl Harrell,LAC,26,63,44,19,1749,1173,471,812,58,0,18,0,231,351,65.8,163,282,445,107,108,39,72,146,2092.5,12,0,2019-20
Moritz Wagner,WAS,23,45,15,30,835,393,145,266,54.5,25,80,31.3,78,95,82.1,56,163,219,56,66,28,19,152,814.8,2,0,2019-20
Moses Brown,POR,20,9,4,5,33,11,4,10,40,0,0,0,3,8,37.5,3,11,14,1,3,1,1,7,32.3,0,0,2019-20
Mychal Mulder,GSW,26,7,3,4,204,77,26,67,38.8,16,52,30.8,9,12,75,3,20,23,8,5,2,1,20,120.6,0,0,2019-20
Myles Turner,IND,24,62,37,25,1826,749,268,587,45.7,86,250,34.4,127,169,75.1,86,321,407,72,85,46,132,166,1794.4,9,0,2019-20
Nassir Little,POR,20,48,22,26,572,172,65,151,43,14,59,23.7,28,44,63.6,31,77,108,22,15,13,14,72,400.6,1,0,2019-20
Naz Mitrou-Long,IND,26,5,3,2,47,14,6,17,35.3,2,12,16.7,0,0,0,0,7,7,8,3,1,1,2,37.4,0,0,2019-20
Naz Reid,MIN,20,30,8,22,495,269,100,243,41.2,32,97,33,37,53,69.8,34,90,124,35,22,19,22,83,571.3,2,0,2019-20
Nemanja Bjelica,SAC,32,72,31,41,2011,831,314,653,48.1,134,320,41.9,69,84,82.1,111,347,458,203,99,62,40,216,1892.1,10,0,2019-20
Nerlens Noel,OKC,26,61,38,23,1127,449,184,269,68.4,1,3,33.3,80,106,75.5,91,209,300,57,66,59,91,166,1278.5,3,0,2019-20
Nickeil Alexander-Walker,NOP,21,47,19,28,591,267,98,266,36.8,46,133,34.6,25,37,67.6,9,75,84,89,54,17,8,57,522.3,0,0,2019-20
Nicolas Batum,CHA,31,22,6,16,505,79,28,81,34.6,14,49,28.6,9,10,90,24,75,99,66,22,17,8,41,349.8,0,0,2019-20
Nicolas Claxton,BKN,21,15,5,10,187,66,27,48,56.3,1,7,14.3,11,21,52.4,19,25,44,16,9,1,8,14,160.8,0,0,2019-20
Nicolo Melli,NOP,29,60,26,34,1042,395,136,323,42.1,69,206,33.5,54,73,74,38,142,180,82,46,34,23,124,859,0,0,2019-20
Nigel Williams-Goss,UTA,25,10,6,4,50,14,5,16,31.3,2,7,28.6,2,2,100,2,4,6,6,3,3,1,6,39.2,0,0,2019-20
Nikola Jokic,DEN,25,73,46,27,2335,1456,565,1071,52.8,80,255,31.4,246,301,81.7,166,545,711,512,226,85,44,222,3238.2,43,13,2019-20
Nikola Vucevic,ORL,29,62,28,34,1998,1215,493,1033,47.7,98,289,33.9,131,167,78.4,140,533,673,222,88,54,47,135,2570.6,41,0,2019-20
Noah Vonleh,DEN,24,36,13,23,378,132,52,92,56.5,3,15,20,25,32,78.1,37,87,124,28,21,11,6,40,352.8,0,0,2019-20
Norman Powell,TOR,27,52,40,12,1479,830,296,598,49.5,109,273,39.9,129,153,84.3,26,164,190,91,77,60,21,108,1360.5,0,0,2019-20
Norvel Pelle,PHI,27,24,12,12,232,57,25,48,52.1,0,1,0,7,14,50,20,52,72,8,18,3,31,55,239.4,0,0,2019-20
OG Anunoby,TOR,22,69,50,19,2066,733,286,566,50.5,89,228,39,72,102,70.6,80,284,364,108,79,96,45,167,1675.8,5,0,2019-20
Omari Spellman,MIN,22,49,11,38,886,370,127,295,43.1,43,110,39.1,73,92,79.3,77,142,219,47,54,33,24,63,820.3,1,0,2019-20
Oshae Brissett,TOR,22,19,15,4,135,37,13,36,36.1,3,15,20,8,10,80,9,17,26,7,7,4,1,18,86.7,0,0,2019-20
Otto Porter Jr.,CHI,27,14,5,9,331,167,62,140,44.3,24,62,38.7,19,27,70.4,13,35,48,25,11,15,6,31,314.1,0,0,2019-20
P.J. Tucker,HOU,35,72,44,28,2467,500,177,426,41.5,107,299,35.8,39,48,81.3,112,364,476,115,72,77,36,229,1510.7,6,0,2019-20
P.J. Washington,CHA,21,58,22,36,1759,710,268,589,45.5,86,230,37.4,88,136,64.7,58,258,316,123,93,51,44,158,1465.7,4,0,2019-20
PJ Dozier,DEN,23,29,18,11,412,168,65,157,41.4,17,49,34.7,21,29,72.4,10,45,55,63,27,14,6,45,361.5,0,0,2019-20
Pascal Siakam,TOR,26,60,46,14,2110,1371,500,1104,45.3,131,365,35.9,240,303,79.2,64,375,439,207,148,61,53,170,2402.3,12,0,2019-20
Pat Connaughton,MIL,27,67,53,14,1243,360,137,301,45.5,55,166,33.1,31,40,77.5,60,224,284,107,52,25,31,70,977.3,0,0,2019-20
Patrick Beverley,LAC,31,51,38,13,1342,405,147,341,43.1,80,206,38.8,31,47,66,57,209,266,183,66,54,25,156,1169.7,4,0,2019-20
Patrick McCaw,TOR,24,37,27,10,908,170,67,162,41.4,23,71,32.4,13,18,72.2,19,67,86,79,29,39,4,60,491.7,1,0,2019-20
Patrick Patterson,LAC,31,59,39,20,776,292,95,233,40.8,67,172,39,35,43,81.4,35,116,151,41,21,7,3,54,543.7,1,0,2019-20
Patty Mills,SAS,31,66,28,38,1485,767,258,598,43.1,154,403,38.2,97,112,86.6,22,86,108,118,54,53,6,105,1196.6,0,0,2019-20
Paul George,LAC,30,48,34,14,1419,1033,343,782,43.9,157,381,41.2,190,217,87.6,24,248,272,185,125,68,20,113,1775.9,5,0,2019-20
Paul Millsap,DEN,35,51,30,21,1240,591,211,438,48.2,54,124,43.5,115,141,81.6,98,195,293,83,70,44,30,150,1219.1,5,0,2019-20
Paul Watson,TOR,25,10,7,3,87,31,10,26,38.5,4,12,33.3,7,9,77.8,2,15,17,8,3,4,1,5,75.4,0,0,2019-20
Quinn Cook,LAL,27,44,31,13,508,224,91,214,42.5,31,85,36.5,11,14,78.6,11,40,51,49,33,12,2,27,367.7,0,0,2019-20
Quinndary Weatherspoon,SAS,23,11,5,6,78,12,5,17,29.4,1,5,20,1,2,50,1,6,7,11,5,3,1,8,43.9,0,0,2019-20
RJ Barrett,NYK,20,56,17,39,1704,803,292,727,40.2,63,197,32,156,254,61.4,50,229,279,143,124,55,17,122,1444.3,2,0,2019-20
Rajon Rondo,LAL,34,48,37,11,984,342,137,328,41.8,41,125,32.8,27,41,65.9,23,119,142,240,91,40,2,58,907.4,2,0,2019-20
Raul Neto,PHI,28,54,29,25,668,275,101,222,45.5,34,88,38.6,39,47,83,11,50,61,95,47,24,6,50,533.7,0,0,2019-20
Rayjon Tucker,UTA,22,20,12,8,161,62,20,43,46.5,3,17,17.6,19,23,82.6,3,17,20,5,8,1,1,10,91.5,0,0,2019-20
Reggie Bullock,NYK,29,29,9,20,684,234,90,224,40.2,37,111,33.3,17,21,81,13,55,68,42,19,25,3,56,443.6,0,0,2019-20
Reggie Jackson,LAC,30,31,16,15,743,370,134,326,41.1,57,145,39.3,45,54,83.3,17,75,92,126,51,13,5,59,672.4,1,0,2019-20
Richaun Holmes,SAC,26,44,16,28,1242,539,223,344,64.8,0,0,0,93,118,78.8,127,231,358,42,52,41,56,169,1270.6,13,0,2019-20
Ricky Rubio,PHX,29,65,32,33,2016,847,287,692,41.5,78,216,36.1,195,226,86.3,46,258,304,570,173,94,11,167,2208.8,22,2,2019-20
Robert Covington,HOU,29,70,27,43,2137,870,305,723,42.2,161,480,33.5,99,124,79.8,63,400,463,88,103,115,93,220,2078.6,7,0,2019-20
Robert Williams III,BOS,22,29,19,10,388,150,64,88,72.7,0,0,0,22,34,64.7,40,88,128,27,21,22,35,51,494.1,0,0,2019-20
Robin Lopez,MIL,32,66,51,15,958,357,147,299,49.2,35,105,33.3,28,53,52.8,56,105,161,45,63,10,45,96,719.7,0,0,2019-20
Rodions Kurucs,BKN,22,47,18,29,684,215,79,177,44.6,33,90,36.7,24,38,63.2,25,112,137,51,46,25,5,90,499.9,0,0,2019-20
Rodney Hood,POR,27,21,8,13,619,230,87,172,50.6,35,71,49.3,21,27,77.8,10,62,72,32,19,17,4,46,408.4,0,0,2019-20
Rodney McGruder,LAC,28,56,38,18,871,187,72,181,39.8,24,89,27,19,34,55.9,29,122,151,36,24,26,8,74,500.2,0,0,2019-20
Romeo Langford,BOS,20,32,22,10,370,79,28,80,35,5,27,18.5,18,25,72,15,26,41,13,11,8,8,33,184.7,0,0,2019-20
Rondae Hollis-Jefferson,TOR,25,60,43,17,1122,418,155,329,47.1,3,23,13,105,143,73.4,110,173,283,106,59,46,23,115,1064.6,2,0,2019-20
Royce O'Neale,UTA,27,71,44,27,2049,450,158,365,43.3,92,244,37.7,42,55,76.4,27,362,389,180,61,59,32,202,1398.8,2,0,2019-20
Rudy Gay,SAS,33,67,30,37,1461,726,266,596,44.6,74,220,33.6,120,136,88.2,61,301,362,114,88,35,33,103,1447.4,4,0,2019-20
Rudy Gobert,UTA,28,68,42,26,2333,1026,386,557,69.3,0,0,0,254,403,63,230,686,916,101,130,51,135,215,2704.7,49,0,2019-20
Rui Hachimura,WAS,22,48,15,33,1444,649,254,545,46.6,25,87,28.7,116,140,82.9,78,216,294,87,53,37,8,105,1214.3,3,0,2019-20
Russell Westbrook,HOU,31,57,36,21,2049,1553,604,1281,47.2,55,213,25.8,290,380,76.3,100,351,451,401,255,93,20,200,2779.7,22,8,2019-20
Ryan Anderson,HOU,32,2,1,1,14,5,2,7,28.6,1,5,20,0,0,0,0,7,7,2,1,1,0,1,18.4,0,0,2019-20
Ryan Arcidiacono,CHI,26,58,21,37,930,261,90,220,40.9,54,138,39.1,27,38,71.1,20,90,110,96,37,27,3,96,590,0,0,2019-20
Ryan Broekhoff,PHI,29,17,10,7,180,71,22,59,37.3,20,51,39.2,7,8,87.5,5,38,43,11,6,5,4,15,160.1,0,0,2019-20
Sekou Doumbouya,DET,19,38,10,28,754,243,92,236,39,28,98,28.6,31,46,67.4,20,98,118,19,35,20,8,80,462.1,2,0,2019-20
Semi Ojeleye,BOS,25,69,46,23,1011,236,80,196,40.8,48,127,37.8,28,32,87.5,26,119,145,37,19,21,5,80,524.5,0,0,2019-20
Serge Ibaka,TOR,30,55,40,15,1485,845,343,670,51.2,70,182,38.5,89,124,71.8,114,338,452,77,109,28,46,153,1615.9,20,0,2019-20
Seth Curry,DAL,29,64,38,26,1576,793,284,574,49.5,145,321,45.2,80,97,82.5,27,118,145,124,62,38,9,113,1232,0,0,2019-20
Shabazz Napier,WAS,28,56,16,40,1344,578,188,456,41.2,76,240,31.7,126,153,82.4,26,132,158,262,128,69,11,101,1272.6,2,1,2019-20
Shai Gilgeous-Alexander,OKC,21,70,43,27,2428,1331,478,1015,47.1,87,251,34.7,288,357,80.7,47,365,412,232,134,79,47,117,2417.4,9,1,2019-20
Shake Milton,PHI,23,40,23,17,805,377,134,277,48.4,58,135,43,51,65,78.5,15,73,88,104,47,20,7,92,672.6,0,0,2019-20
Shamorie Ponds,TOR,22,4,4,0,11,9,3,5,60,1,2,50,2,2,100,0,1,1,2,0,0,1,2,16.2,0,0,2019-20
Shaquille Harrison,CHI,26,43,14,29,484,209,77,165,46.7,16,42,38.1,39,50,78,22,64,86,49,19,34,19,55,525.7,1,0,2019-20
Sindarius Thornwell,NOP,25,2,0,2,35,16,6,11,54.5,2,4,50,2,4,50,0,4,4,4,2,1,1,2,30.8,0,0,2019-20
Skal Labissiere,ATL,24,33,14,19,567,190,81,147,55.1,3,13,23.1,25,33,75.8,65,104,169,42,30,7,31,89,539.8,1,0,2019-20
Solomon Hill,MIA,29,59,29,30,1088,323,110,278,39.6,63,171,36.8,40,54,74.1,29,136,165,104,51,43,12,85,791,0,0,2019-20
Spencer Dinwiddie,BKN,27,64,30,34,1994,1318,424,1021,41.5,123,400,30.8,347,446,77.8,32,189,221,432,174,40,21,180,2240.2,9,0,2019-20
Stanley Johnson,TOR,24,25,19,6,150,60,22,59,37.3,7,24,29.2,9,16,56.3,7,30,37,20,15,6,4,16,149.4,0,0,2019-20
Stanton Kidd,UTA,28,4,3,1,15,0,0,3,0,0,1,0,0,0,0,0,3,3,1,2,0,0,3,3.1,0,0,2019-20
Stephen Curry,GSW,32,5,1,4,139,104,33,82,40.2,12,49,24.5,26,26,100,4,22,26,33,16,5,2,11,189.7,1,0,2019-20
Sterling Brown,MIL,25,52,39,13,767,266,95,256,37.1,44,136,32.4,32,40,80,31,152,183,51,42,29,7,54,628.1,1,0,2019-20
Steven Adams,OKC,26,63,40,23,1681,684,283,478,59.2,1,3,33.3,117,201,58.2,207,376,583,146,94,51,67,122,1862.6,22,0,2019-20
Svi Mykhailiuk,DET,23,56,17,39,1265,504,166,405,41,115,285,40.4,57,70,81.4,17,87,104,106,61,41,4,87,861.8,0,0,2019-20
T.J. Leaf,IND,23,28,16,12,222,84,36,86,41.9,5,18,27.8,7,16,43.8,23,48,71,9,8,10,4,22,216.7,1,0,2019-20
T.J. McConnell,IND,28,71,44,27,1326,464,212,411,51.6,5,17,29.4,35,42,83.3,38,151,189,355,100,56,11,73,1324.3,2,0,2019-20
T.J. Warren,IND,26,67,42,25,2202,1326,534,997,53.6,91,226,40.3,167,204,81.9,68,212,280,99,84,78,34,187,2062.5,2,0,2019-20
Tacko Fall,BOS,24,7,5,2,33,23,11,14,78.6,0,0,0,1,3,33.3,1,14,15,1,3,1,4,7,54.5,0,0,2019-20
Taj Gibson,NYK,35,62,21,41,1025,379,167,286,58.4,4,14,28.6,41,56,73.2,111,156,267,52,47,27,30,122,901.4,0,0,2019-20
Talen Horton-Tucker,LAL,19,6,2,4,81,34,14,30,46.7,4,13,30.8,2,4,50,2,5,7,6,6,8,1,10,72.4,0,0,2019-20
Tariq Owens,PHX,25,3,0,3,15,4,1,5,20,0,2,0,2,2,100,2,1,3,0,0,1,0,1,10.6,0,0,2019-20
Taurean Prince,BKN,26,64,30,34,1857,773,278,739,37.6,146,431,33.9,71,89,79.8,50,331,381,116,127,57,25,159,1523.2,8,0,2019-20
Terance Mann,LAC,23,41,27,14,362,99,37,79,46.8,7,20,35,18,27,66.7,10,45,55,53,18,11,5,46,274.5,1,0,2019-20
Terence Davis,TOR,23,72,53,19,1209,543,199,436,45.6,94,242,38.8,51,59,86.4,50,187,237,115,76,39,14,124,1082.9,1,0,2019-20
Terrance Ferguson,OKC,22,56,33,23,1257,220,78,220,35.5,49,168,29.2,15,20,75,23,51,74,51,31,27,17,155,486.3,0,0,2019-20
Terrence Ross,ORL,29,69,31,38,1889,1016,341,846,40.3,177,504,35.1,157,184,85.3,13,209,222,82,70,77,24,109,1638.4,0,0,2019-20
Terry Rozier,CHA,26,63,21,42,2164,1134,398,941,42.3,172,423,40.7,166,190,87.4,50,226,276,259,141,61,10,126,1925.7,2,0,2019-20
Thabo Sefolosha,HOU,36,41,27,14,436,92,37,91,40.7,15,54,27.8,3,8,37.5,21,72,93,25,15,24,12,43,334.1,0,0,2019-20
Thaddeus Young,CHI,32,64,22,42,1591,659,269,601,44.8,79,222,35.6,42,72,58.3,94,221,315,117,102,92,23,134,1455.5,2,0,2019-20
Thanasis Antetokounmpo,MIL,27,20,16,4,129,55,24,48,50,0,10,0,7,17,41.2,12,12,24,15,12,7,2,18,121.3,0,0,2019-20
Theo Pinson,NYK,24,33,15,18,365,120,45,155,29,15,80,18.8,15,16,93.8,10,44,54,56,33,17,4,35,298.8,0,0,2019-20
Thomas Bryant,WAS,22,46,15,31,1147,609,243,418,58.1,37,91,40.7,86,116,74.1,98,233,331,83,53,25,49,103,1299.7,11,0,2019-20
Thon Maker,DET,23,60,20,40,776,281,93,193,48.2,22,64,34.4,73,110,66.4,54,113,167,43,45,25,39,102,692.9,2,0,2019-20
Tim Frazier,DET,29,27,9,18,355,97,34,94,36.2,10,30,33.3,19,24,79.2,9,24,33,93,36,14,4,42,294.1,0,0,2019-20
Tim Hardaway Jr.,DAL,28,71,41,30,2091,1121,384,884,43.4,204,513,39.8,149,182,81.9,25,207,232,137,69,41,5,125,1673.9,0,0,2019-20
Timothe Luwawu-Cabarrot,BKN,25,47,20,27,853,365,117,269,43.5,62,160,38.8,69,81,85.2,29,98,127,29,37,18,7,106,598.9,0,0,2019-20
Tobias Harris,PHI,27,72,43,29,2469,1411,553,1173,47.1,131,357,36.7,174,216,80.6,69,426,495,227,104,53,40,165,2520.5,11,0,2019-20
Tomas Satoransky,CHI,28,65,22,43,1878,644,237,551,43,64,199,32.2,106,121,87.6,76,178,254,354,130,80,7,135,1610.8,3,0,2019-20
Tony Bradley,UTA,22,58,36,22,663,285,126,189,66.7,3,3,100,30,46,65.2,111,156,267,23,30,14,33,115,750.9,1,0,2019-20
Tony Snell,DET,28,59,18,41,1641,474,170,382,44.5,102,254,40.2,32,32,100,9,102,111,127,31,32,15,101,907.7,0,0,2019-20
Torrey Craig,DEN,29,58,38,20,1072,315,124,269,46.1,45,138,32.6,22,36,61.1,63,126,189,47,25,23,36,135,764.3,2,0,2019-20
Trae Young,ATL,21,60,18,42,2120,1778,546,1249,43.7,205,568,36.1,481,559,86,32,223,255,560,289,65,8,104,2854,28,2,2019-20
Tremont Waters,BOS,22,11,8,3,119,40,14,49,28.6,4,24,16.7,8,8,100,0,12,12,16,15,10,2,13,99.4,0,0,2019-20
Treveon Graham,ATL,26,55,21,34,929,243,87,242,36,33,120,27.5,36,56,64.3,51,99,150,45,29,24,6,102,551.5,0,0,2019-20
Trevor Ariza,POR,35,53,22,31,1492,423,142,324,43.8,77,207,37.2,62,74,83.8,34,212,246,91,56,69,15,111,1050.7,0,0,2019-20
Trey Burke,DAL,27,33,16,17,520,243,94,209,45,32,75,42.7,23,29,79.3,16,34,50,83,21,16,2,33,460.5,0,0,2019-20
Trey Lyles,SAS,24,63,27,36,1271,404,153,343,44.6,65,168,38.7,33,45,73.3,71,290,361,69,39,28,28,98,1069.7,2,0,2019-20
Tristan Thompson,CLE,29,57,19,38,1722,684,288,562,51.2,9,23,39.1,99,161,61.5,226,351,577,120,103,33,50,124,1702.4,25,0,2019-20
Troy Brown Jr.,WAS,20,69,24,45,1782,716,273,622,43.9,61,179,34.1,109,139,78.4,76,307,383,178,79,85,7,132,1639.6,6,0,2019-20
Troy Daniels,DEN,28,47,34,13,532,200,72,186,38.7,46,132,34.8,10,16,62.5,12,40,52,17,12,11,3,37,317.9,0,0,2019-20
Ty Jerome,PHX,22,31,16,15,328,102,38,113,33.6,14,50,28,12,16,75,7,39,46,44,18,15,3,29,259.2,0,0,2019-20
Tyler Cook,DEN,22,13,3,10,54,23,8,12,66.7,0,0,0,7,8,87.5,6,8,14,1,3,3,0,5,47.3,0,0,2019-20
Tyler Herro,MIA,20,55,34,21,1508,743,270,631,42.8,116,298,38.9,87,100,87,16,208,224,121,87,34,9,76,1235.3,1,0,2019-20
Tyler Johnson,BKN,28,39,16,23,709,274,97,250,38.8,38,119,31.9,42,50,84,18,58,76,74,29,16,9,58,522.2,0,0,2019-20
Tyler Zeller,SAS,30,2,1,1,4,2,1,4,25,0,0,0,0,0,0,3,1,4,0,0,0,0,0,6.8,0,0,2019-20
Tyrone Wallace,ATL,26,14,3,11,160,40,14,44,31.8,1,15,6.7,11,17,64.7,3,19,22,13,10,7,1,19,99.9,0,0,2019-20
Tyson Chandler,HOU,37,26,15,11,219,34,14,18,77.8,0,0,0,6,13,46.2,25,41,66,6,8,6,8,32,156.2,0,0,2019-20
Tyus Jones,MEM,24,65,32,33,1232,484,197,429,45.9,47,124,37.9,43,58,74.1,9,94,103,285,55,59,6,44,1175.1,0,0,2019-20
Udonis Haslem,MIA,40,4,3,1,44,12,4,11,36.4,1,3,33.3,3,4,75,1,15,16,1,1,0,0,6,31.7,0,0,2019-20
Vic Law,ORL,24,8,2,6,62,15,6,18,33.3,1,7,14.3,2,6,33.3,2,9,11,3,2,2,0,6,36.7,0,0,2019-20
Victor Oladipo,IND,28,19,11,8,528,275,97,246,39.4,33,104,31.7,48,59,81.4,9,66,75,56,47,17,4,36,465,0,0,2019-20
Vince Carter,ATL,43,60,19,41,876,298,107,304,35.2,61,202,30.2,23,29,79.3,18,106,124,48,33,23,25,90,629.8,0,0,2019-20
Vincent Poirier,BOS,26,22,18,4,130,41,17,36,47.2,1,2,50,6,7,85.7,13,30,43,8,8,2,9,25,129.6,0,0,2019-20
Vlatko Cancar,DEN,23,14,7,7,45,17,6,15,40,1,6,16.7,4,4,100,5,5,10,3,3,1,1,7,36.5,0,0,2019-20
Wayne Ellington,NYK,32,36,9,27,558,183,61,174,35.1,50,143,35,11,13,84.6,4,61,65,44,18,13,4,41,360,0,0,2019-20
Wendell Carter Jr.,CHI,21,43,15,28,1256,484,183,343,53.4,6,29,20.7,112,152,73.7,139,266,405,51,72,33,36,162,1181.5,17,0,2019-20
Wenyen Gabriel,POR,23,30,10,20,235,63,21,48,43.8,6,20,30,15,22,68.2,21,31,52,8,16,11,7,39,175.4,0,0,2019-20
Wes Iwundu,ORL,25,52,23,29,953,300,97,233,41.6,28,82,34.1,78,97,80.4,24,107,131,60,26,25,13,80,635.2,0,0,2019-20
Wesley Matthews,MIL,33,67,52,15,1635,494,167,422,39.6,108,297,36.4,52,68,76.5,22,144,166,92,43,38,9,103,929.2,0,0,2019-20
Will Barton,DEN,29,58,38,20,1916,874,332,738,45,108,288,37.5,102,133,76.7,76,289,365,212,88,61,29,121,1812,7,0,2019-20
William Howard,HOU,26,2,1,1,13,0,0,4,0,0,4,0,0,0,0,0,2,2,1,1,0,0,1,2.9,0,0,2019-20
Willie Cauley-Stein,DAL,26,54,16,38,1097,390,175,302,57.9,0,1,0,40,66,60.6,84,231,315,70,40,49,61,121,1163,3,0,2019-20
Willy Hernangomez,CHA,26,31,7,24,375,190,74,139,53.2,5,22,22.7,37,59,62.7,43,91,134,29,30,10,7,32,415.3,2,0,2019-20
Wilson Chandler,BKN,33,35,16,19,734,205,74,183,40.4,37,121,30.6,20,23,87,11,134,145,39,34,16,12,79,487.5,0,0,2019-20
Yogi Ferrell,SAC,27,50,20,30,530,218,79,188,42,24,79,30.4,36,42,85.7,6,43,49,69,28,18,4,38,418.3,0,0,2019-20
Yuta Watanabe,MEM,25,18,9,9,105,36,15,34,44.1,3,8,37.5,3,8,37.5,7,13,20,5,2,5,1,9,83.5,0,0,2019-20
Zach Collins,POR,22,11,8,3,290,77,32,68,47.1,7,19,36.8,6,8,75,25,44,69,16,14,5,5,36,199.8,0,0,2019-20
Zach LaVine,CHI,25,60,20,40,2085,1530,539,1199,45,184,484,38,268,334,80.2,41,248,289,254,206,88,28,131,2399.8,2,0,2019-20
Zach Norvell Jr.,GSW,22,5,2,3,41,10,3,12,25,3,8,37.5,1,1,100,0,6,6,3,3,2,0,4,24.7,0,0,2019-20
Zhaire Smith,PHI,21,7,3,4,32,8,3,11,27.3,0,3,0,2,4,50,0,2,2,2,2,3,0,4,20.4,0,0,2019-20
Zion Williamson,NOP,19,24,11,13,668,540,210,360,58.3,6,14,42.9,114,178,64,64,86,150,50,59,16,9,42,811,2,0,2019-20
Zylan Cheatham,NOP,24,4,2,2,51,12,6,9,66.7,0,1,0,0,0,0,3,6,9,3,4,1,1,10,29.3,0,0,2019-20
Yuta Watanabe,TOR,26,22,14,8,268,60,20,60,33.3,12,33,36.4,8,8,100,18,53,71,8,8,9,12,23,212.2,0,0,2020-21