PLAYER,TEAM,GP,MIN,PTS,FGM,FGA,FG%,3PM,3PA,3P%,EFG%,Season
Aaron Gordon,ORL,62,2017,184,66,198,33.3,52,160,32.5,46.5,2019-20
Aaron Holiday,IND,66,1617,173,58,137,42.3,57,135,42.2,63.1,2019-20
Abdel Nader,OKC,55,867,138,46,120,38.3,46,120,38.3,57.5,2019-20
Adam Mokoka,CHI,11,112,18,6,16,37.5,6,15,40,56.3,2019-20
Admiral Schofield,WAS,33,368,59,20,59,33.9,19,56,33.9,50,2019-20
Al Horford,PHI,67,2026,344,125,347,36,94,268,35.1,49.6,2019-20
Al-Farouq Aminu,ORL,18,380,30,11,37,29.7,8,33,24.2,40.5,2019-20
Alec Burks,PHI,66,1754,163,57,148,38.5,49,130,37.7,55.1,2019-20
Alen Smailagic,GSW,14,139,9,3,13,23.1,3,12,25,34.6,2019-20
Alex Caruso,LAL,64,1175,93,31,95,32.6,31,91,34.1,48.9,2019-20
Alex Len,SAC,55,971,56,20,70,28.6,16,57,28.1,40,2019-20
Alfonzo McKinnie,CLE,40,593,39,13,58,22.4,13,58,22.4,33.6,2019-20
Alize Johnson,IND,17,118,9,3,8,37.5,3,8,37.5,56.3,2019-20
Allen Crabbe,MIN,37,653,114,39,112,34.8,36,106,34,50.9,2019-20
Allonzo Trier,NYK,24,291,33,11,28,39.3,11,27,40.7,58.9,2019-20
Amile Jefferson,ORL,18,74,0,0,1,0,-,-,-,0,2019-20
Amir Coffey,LAC,18,159,15,5,14,35.7,5,14,35.7,53.6,2019-20
Andre Drummond,CLE,57,1878,16,6,44,13.6,4,30,13.3,18.2,2019-20
Andre Iguodala,MIA,21,418,39,13,40,32.5,13,40,32.5,48.8,2019-20
Andre Roberson,OKC,7,87,9,3,11,27.3,3,11,27.3,40.9,2019-20
Andrew Wiggins,GSW,54,1859,206,69,197,35,68,193,35.2,52.3,2019-20
Anfernee Simons,POR,70,1449,143,48,144,33.3,47,140,33.6,49.7,2019-20
Ante Zizic,CLE,22,221,8,4,6,66.7,-,-,-,66.7,2019-20
Anthony Davis,LAL,62,2131,257,95,265,35.8,67,195,34.4,48.5,2019-20
Anthony Tolliver,MEM,55,872,141,48,141,34,45,136,33.1,50,2019-20
Antonius Cleveland,DAL,11,46,0,0,3,0,0,3,0,0,2019-20
Anzejs Pasecniks,WAS,27,437,6,3,20,15,0,3,0,15,2019-20
Aron Baynes,PHX,42,934,185,64,183,35,57,163,35,50.5,2019-20
Austin Rivers,HOU,68,1594,177,59,162,36.4,59,162,36.4,54.6,2019-20
Avery Bradley,LAL,49,1186,193,69,183,37.7,55,151,36.4,52.7,2019-20
BJ Johnson,ORL,10,83,6,2,8,25,2,8,25,37.5,2019-20
Bam Adebayo,MIA,72,2417,71,35,85,41.2,1,9,11.1,41.8,2019-20
Ben McLemore,HOU,71,1619,470,157,389,40.4,156,388,40.2,60.4,2019-20
Ben Simmons,PHI,57,2017,6,2,6,33.3,2,4,50,50,2019-20
Bismack Biyombo,CHA,53,1029,10,5,16,31.3,-,-,-,31.3,2019-20
Blake Griffin,DET,18,512,27,9,38,23.7,9,38,23.7,35.5,2019-20
Boban Marjanovic,DAL,44,422,24,10,31,32.3,4,15,26.7,38.7,2019-20
Bobby Portis,NYK,66,1394,238,87,235,37,64,180,35.6,50.6,2019-20
Bogdan Bogdanovic,SAC,61,1766,377,127,311,40.8,123,302,40.7,60.6,2019-20
Bojan Bogdanovic,UTA,63,2083,401,134,316,42.4,133,312,42.6,63.4,2019-20
Bol Bol,DEN,7,87,12,4,10,40,4,8,50,60,2019-20
Brad Wanamaker,BOS,71,1369,86,29,62,46.8,28,58,48.3,69.4,2019-20
Bradley Beal,WAS,57,2053,303,104,271,38.4,95,249,38.2,55.9,2019-20
Brandon Clarke,MEM,58,1300,111,44,105,41.9,23,63,36.5,52.9,2019-20
Brandon Goodwin,ATL,34,430,38,13,58,22.4,12,57,21.1,32.8,2019-20
Brandon Ingram,NOP,62,2103,390,132,322,41,126,300,42,60.6,2019-20
Brandon Knight,DET,25,462,57,19,61,31.1,19,61,31.1,46.7,2019-20
Brian Bowen II,IND,6,31,0,0,3,0,0,2,0,0,2019-20
Brook Lopez,MIL,68,1817,304,104,324,32.1,96,305,31.5,46.9,2019-20
Bruce Brown,DET,58,1634,95,32,90,35.6,31,87,35.6,52.8,2019-20
Bruno Caboclo,HOU,30,244,15,5,30,16.7,5,29,17.2,25,2019-20
Bruno Fernando,ATL,56,713,15,5,32,15.6,5,31,16.1,23.4,2019-20
Bryn Forbes,SAS,63,1579,341,115,295,39,111,281,39.5,57.8,2019-20
Buddy Hield,SAC,72,2216,454,152,375,40.5,150,363,41.3,60.5,2019-20
CJ McCollum,POR,70,2557,341,116,253,45.8,109,237,46,67.4,2019-20
CJ Miles,WAS,10,161,27,9,29,31,9,29,31,46.6,2019-20
Caleb Martin,CHA,18,317,57,19,32,59.4,19,30,63.3,89.1,2019-20
Caleb Swanigan,POR,27,288,4,2,7,28.6,0,2,0,28.6,2019-20
Cam Reddish,ATL,58,1551,205,69,206,33.5,67,195,34.4,49.8,2019-20
Cameron Johnson,PHX,57,1255,311,105,268,39.2,101,257,39.3,58,2019-20
Cameron Payne,PHX,8,183,33,11,25,44,11,24,45.8,66,2019-20
Caris LeVert,BKN,45,1330,74,25,79,31.6,24,76,31.6,46.8,2019-20
Carmelo Anthony,POR,58,1902,260,92,221,41.6,76,189,40.2,58.8,2019-20
Carsen Edwards,BOS,37,351,38,13,44,29.5,12,41,29.3,43.2,2019-20
Cedi Osman,CLE,65,1910,295,99,259,38.2,97,250,38.8,56.9,2019-20
Chandler Hutchison,CHI,28,527,36,12,37,32.4,12,37,32.4,48.6,2019-20
Chandler Parsons,ATL,5,54,12,4,13,30.8,4,13,30.8,46.2,2019-20
Charlie Brown Jr.,ATL,10,40,9,3,8,37.5,3,8,37.5,56.3,2019-20
Chasson Randle,GSW,3,40,0,0,2,0,0,2,0,0,2019-20
Cheick Diallo,PHX,47,479,19,9,17,52.9,1,2,50,55.9,2019-20
Chimezie Metu,SAS,18,105,8,4,9,44.4,0,2,0,44.4,2019-20
Chris Boucher,TOR,62,819,113,38,119,31.9,37,112,33,47.5,2019-20
Chris Chiozza,BKN,28,401,66,22,42,52.4,22,41,53.7,78.6,2019-20
Chris Clemons,HOU,33,291,45,15,48,31.3,15,47,31.9,46.9,2019-20
Chris Paul,OKC,70,2208,72,25,59,42.4,22,52,42.3,61,2019-20
Chris Silva,MIA,44,346,2,1,4,25,0,2,0,25,2019-20
Christian Wood,DET,62,1325,154,54,129,41.9,46,114,40.4,59.7,2019-20
Clint Capela,ATL,39,1279,2,1,1,100,-,-,-,100,2019-20
Coby White,CHI,65,1674,278,94,254,37,90,243,37,54.7,2019-20
Cody Martin,CHA,48,903,41,14,69,20.3,13,64,20.3,29.7,2019-20
Cody Zeller,CHA,58,1341,50,17,71,23.9,16,67,23.9,35.2,2019-20
Collin Sexton,CLE,65,2143,195,67,157,42.7,61,145,42.1,62.1,2019-20
Corey Brewer,SAC,5,33,0,0,1,0,0,1,0,0,2019-20
Cory Joseph,SAC,72,1759,150,51,126,40.5,48,123,39,59.5,2019-20
Courtney Lee,DAL,24,345,36,12,35,34.3,12,34,35.3,51.4,2019-20
Cristiano Felicio,CHI,22,386,2,1,5,20,0,2,0,20,2019-20
D'Angelo Russell,MIN,45,1452,212,73,185,39.5,66,169,39.1,57.3,2019-20
D.J. Augustin,ORL,57,1420,111,37,89,41.6,37,89,41.6,62.4,2019-20
D.J. Wilson,MIL,37,363,52,18,64,28.1,16,58,27.6,40.6,2019-20
DaQuan Jeffries,SAC,13,141,15,5,19,26.3,5,18,27.8,39.5,2019-20
Damian Jones,ATL,55,887,8,3,13,23.1,2,9,22.2,30.8,2019-20
Damian Lillard,POR,66,2474,184,63,154,40.9,58,144,40.3,59.7,2019-20
Damion Lee,GSW,49,1423,236,80,224,35.7,76,203,37.4,52.7,2019-20
Damyean Dotson,NYK,48,836,138,48,121,39.7,42,108,38.9,57,2019-20
Daniel Gafford,CHI,43,609,0,0,1,0,-,-,-,0,2019-20
Daniel Theis,BOS,65,1566,143,56,139,40.3,31,90,34.4,51.4,2019-20
Danilo Gallinari,OKC,62,1834,460,159,370,43,142,340,41.8,62.2,2019-20
Danny Green,LAL,68,1687,305,102,284,35.9,101,274,36.9,53.7,2019-20
Dante Exum,CLE,35,486,36,12,32,37.5,12,32,37.5,56.3,2019-20
Danuel House Jr.,HOU,63,1913,325,109,298,36.6,107,293,36.5,54.5,2019-20
Dario Saric,PHX,66,1632,265,93,252,36.9,79,222,35.6,52.6,2019-20
Darius Bazley,OKC,61,1129,126,43,129,33.3,40,121,33.1,48.8,2019-20
Darius Garland,CLE,59,1824,184,62,161,38.5,60,153,39.2,57.1,2019-20
Daryl Macon,MIA,4,14,3,1,2,50,1,2,50,75,2019-20
David Nwaba,HOU,20,268,36,12,28,42.9,12,28,42.9,64.3,2019-20
Davis Bertans,WAS,54,1583,523,176,408,43.1,171,397,43.1,64.1,2019-20
De'Aaron Fox,SAC,51,1634,75,25,76,32.9,25,75,33.3,49.3,2019-20
De'Andre Hunter,ATL,63,2018,316,108,273,39.6,100,259,38.6,57.9,2019-20
De'Anthony Melton,MEM,60,1167,104,36,112,32.1,32,98,32.7,46.4,2019-20
DeAndre Jordan,BKN,56,1234,2,1,1,100,-,-,-,100,2019-20
DeAndre' Bembry,ATL,43,915,44,15,59,25.4,14,57,24.6,37.3,2019-20
DeMar DeRozan,SAS,68,2316,95,44,99,44.4,7,27,25.9,48,2019-20
DeMarre Carroll,HOU,24,290,18,6,26,23.1,6,26,23.1,34.6,2019-20
Dean Wade,CLE,12,71,6,2,4,50,2,4,50,75,2019-20
Deandre Ayton,PHX,38,1236,112,55,126,43.7,2,10,20,44.4,2019-20
Dejounte Murray,SAS,66,1687,119,40,97,41.2,39,95,41.1,61.3,2019-20
Delon Wright,DAL,73,1570,93,31,86,36,31,86,36,54.1,2019-20
Dennis Schroder,OKC,65,1999,334,119,270,44.1,96,232,41.4,61.9,2019-20
Dennis Smith Jr.,NYK,34,537,15,5,18,27.8,5,18,27.8,41.7,2019-20
Denzel Valentine,CHI,36,488,92,31,85,36.5,30,84,35.7,54.1,2019-20
Deonte Burton,OKC,39,357,24,8,46,17.4,8,45,17.8,26.1,2019-20
Derrick Favors,NOP,51,1242,33,16,42,38.1,1,5,20,39.3,2019-20
Derrick Jones Jr.,MIA,59,1375,99,33,118,28,33,117,28.2,41.9,2019-20
Derrick Rose,DET,50,1298,61,21,50,42,19,45,42.2,61,2019-20
Derrick Walton Jr.,DET,26,248,31,11,26,42.3,9,23,39.1,59.6,2019-20
Derrick White,SAS,68,1677,165,55,143,38.5,55,141,39,57.7,2019-20
Devin Booker,PHX,70,2512,232,84,205,41,64,163,39.3,56.6,2019-20
Devon Hall,OKC,11,81,9,3,10,30,3,10,30,45,2019-20
Devontae Cacok,LAL,1,9,0,0,0,-,-,-,-,-,2019-20
Devonte' Graham,CHA,63,2211,263,88,208,42.3,87,206,42.2,63.2,2019-20
Dewan Hernandez,TOR,6,28,3,1,2,50,1,2,50,75,2019-20
Dewayne Dedmon,ATL,44,774,76,28,114,24.6,20,99,20.2,33.3,2019-20
Dillon Brooks,MEM,73,2112,341,116,305,38,109,287,38,55.9,2019-20
Dion Waiters,LAL,10,207,32,11,30,36.7,10,28,35.7,53.3,2019-20
Domantas Sabonis,IND,62,2159,165,74,191,38.7,17,65,26.2,43.2,2019-20
Donovan Mitchell,UTA,69,2364,244,82,190,43.2,80,185,43.2,64.2,2019-20
Donta Hall,BKN,9,133,0,0,1,0,-,-,-,0,2019-20
Donte DiVincenzo,MIL,66,1520,189,63,180,35,63,179,35.2,52.5,2019-20
Dorian Finney-Smith,DAL,71,2120,320,107,276,38.8,106,273,38.8,58,2019-20
Doug McDermott,IND,69,1372,345,117,275,42.5,111,255,43.5,62.7,2019-20
Dragan Bender,GSW,16,286,45,15,42,35.7,15,42,35.7,53.6,2019-20
Draymond Green,GSW,43,1222,115,40,131,30.5,35,117,29.9,43.9,2019-20
Drew Eubanks,SAS,22,272,5,2,5,40,1,1,100,50,2019-20
Duncan Robinson,MIA,73,2166,693,232,505,45.9,229,498,46,68.6,2019-20
Dusty Hannahs,MEM,2,13,3,1,2,50,1,2,50,75,2019-20
Dwayne Bacon,CHA,39,687,48,16,46,34.8,16,45,35.6,52.2,2019-20
Dwight Howard,LAL,69,1306,11,4,5,80,3,4,75,110,2019-20
Dwight Powell,DAL,40,1061,30,10,39,25.6,10,36,27.8,38.5,2019-20
Dzanan Musa,BKN,40,487,47,16,59,27.1,15,58,25.9,39.8,2019-20
E'Twaun Moore,NOP,56,1020,164,55,134,41,54,131,41.2,61.2,2019-20
Ed Davis,UTA,28,303,2,1,1,100,-,-,-,100,2019-20
Edmond Sumner,IND,31,447,38,13,47,27.7,12,45,26.7,40.4,2019-20
Elfrid Payton,NYK,45,1246,32,11,49,22.4,10,47,21.3,32.7,2019-20
Elie Okobo,PHX,55,719,60,20,45,44.4,20,45,44.4,66.7,2019-20
Emmanuel Mudiay,UTA,54,850,62,21,58,36.2,20,56,35.7,53.4,2019-20
Enes Kanter,BOS,58,983,13,6,20,30,1,7,14.3,32.5,2019-20
Eric Bledsoe,MIL,61,1646,73,25,90,27.8,23,87,26.4,40.6,2019-20
Eric Gordon,HOU,36,1016,182,61,214,28.5,60,211,28.4,42.5,2019-20
Eric Mika,SAC,1,19,2,1,1,100,-,-,-,100,2019-20
Eric Paschall,GSW,60,1654,121,43,139,30.9,35,115,30.4,43.5,2019-20
Ersan Ilyasova,MIL,63,986,142,51,125,40.8,40,105,38.1,56.8,2019-20
Evan Fournier,ORL,66,2076,334,115,264,43.6,104,243,42.8,63.3,2019-20
Evan Turner,MIN,19,251,2,1,6,16.7,0,5,0,16.7,2019-20
Frank Jackson,NOP,59,797,101,34,105,32.4,33,102,32.4,48.1,2019-20
Frank Kaminsky,PHX,39,777,129,45,132,34.1,39,111,35.1,48.9,2019-20
Frank Mason,MIL,9,118,9,3,11,27.3,3,11,27.3,40.9,2019-20
Frank Ntilikina,NYK,57,1187,112,39,109,35.8,34,101,33.7,51.4,2019-20
Fred VanVleet,TOR,54,1928,278,93,212,43.9,92,209,44,65.6,2019-20
Furkan Korkmaz,PHI,72,1559,367,124,283,43.8,119,273,43.6,64.8,2019-20
Gabe Vincent,MIA,9,83,15,5,22,22.7,5,21,23.8,34.1,2019-20
Garrett Temple,BKN,62,1730,285,95,269,35.3,95,267,35.6,53,2019-20
Garrison Mathews,WAS,18,227,45,15,40,37.5,15,40,37.5,56.3,2019-20
Gary Clark,ORL,42,566,116,39,106,36.8,38,105,36.2,54.7,2019-20
Gary Harris,DEN,56,1780,168,57,152,37.5,54,147,36.7,55.3,2019-20
Gary Payton II,WAS,29,432,39,13,44,29.5,13,44,29.5,44.3,2019-20
Gary Trent Jr.,POR,61,1332,225,76,183,41.5,73,176,41.5,61.5,2019-20
George Hill,MIL,59,1271,145,49,98,50,47,94,50,74,2019-20
Georges Niang,UTA,66,923,239,80,198,40.4,79,196,40.3,60.4,2019-20
Giannis Antetokounmpo,MIL,63,1917,86,31,78,39.7,24,65,36.9,55.1,2019-20
Glenn Robinson III,PHI,62,1786,259,95,217,43.8,69,173,39.9,59.7,2019-20
Goga Bitadze,IND,54,471,64,28,77,36.4,8,41,19.5,41.6,2019-20
Goran Dragic,MIA,59,1663,205,69,192,35.9,67,189,35.4,53.4,2019-20
Gordon Hayward,BOS,52,1740,221,78,189,41.3,65,153,42.5,58.5,2019-20
Gorgui Dieng,MEM,63,1096,178,64,172,37.2,50,142,35.2,51.7,2019-20
Grant Williams,BOS,69,1043,66,23,88,26.1,20,82,24.4,37.5,2019-20
Grayson Allen,MEM,38,718,153,51,114,44.7,51,114,44.7,67.1,2019-20
Hamidou Diallo,OKC,46,896,51,18,56,32.1,15,51,29.4,45.5,2019-20
Harrison Barnes,SAC,72,2482,237,79,215,36.7,79,211,37.4,55.1,2019-20
Harry Giles III,SAC,46,667,50,25,59,42.4,0,2,0,42.4,2019-20
Hassan Whiteside,POR,67,2008,78,37,88,42,4,7,57.1,44.3,2019-20
Henry Ellenson,BKN,5,15,0,0,4,0,0,4,0,0,2019-20
Ian Mahinmi,WAS,38,808,19,7,29,24.1,5,24,20.8,32.8,2019-20
Ignas Brazdeikis,NYK,9,53,3,1,9,11.1,1,8,12.5,16.7,2019-20
Iman Shumpert,BKN,13,241,20,7,25,28,6,23,26.1,40,2019-20
Isaac Bonga,WAS,66,1250,77,26,68,38.2,25,66,37.9,56.6,2019-20
Isaiah Hartenstein,HOU,23,266,0,0,5,0,0,4,0,0,2019-20
Isaiah Roby,OKC,3,11,0,0,0,-,-,-,-,-,2019-20
Isaiah Thomas,WAS,40,925,164,57,124,46,50,109,45.9,66.1,2019-20
Ish Smith,WAS,68,1787,125,42,112,37.5,41,109,37.6,55.8,2019-20
Ivica Zubac,LAC,72,1326,20,10,23,43.5,0,2,0,43.5,2019-20
J.J. Barea,DAL,29,450,27,9,24,37.5,9,24,37.5,56.3,2019-20
J.P. Macura,CLE,1,1,0,0,0,-,-,-,-,-,2019-20
JJ Redick,NOP,60,1581,397,139,289,48.1,119,252,47.2,68.7,2019-20
JR Smith,LAL,6,79,3,1,8,12.5,1,8,12.5,18.8,2019-20
Ja Morant,MEM,67,2074,75,25,65,38.5,25,64,39.1,57.7,2019-20
JaKarr Sampson,IND,34,471,12,5,23,21.7,2,13,15.4,26.1,2019-20
JaMychal Green,LAC,63,1307,268,90,231,39,88,227,38.8,58,2019-20
JaVale McGee,LAL,68,1130,13,6,8,75,1,2,50,81.3,2019-20
Jabari Parker,SAC,38,918,89,31,109,28.4,27,98,27.6,40.8,2019-20
Jacob Evans,MIN,29,418,37,13,37,35.1,11,31,35.5,50,2019-20
Jae Crowder,MIA,65,1875,275,93,286,32.5,89,276,32.2,48.1,2019-20
Jahlil Okafor,NOP,30,467,5,2,5,40,1,2,50,50,2019-20
Jake Layman,MIN,23,505,63,22,60,36.7,19,52,36.5,52.5,2019-20
Jakob Poeltl,SAS,66,1171,28,14,23,60.9,-,-,-,60.9,2019-20
Jalen Brunson,DAL,57,1022,97,33,74,44.6,31,71,43.7,65.5,2019-20
Jalen Lecque,PHX,5,32,0,0,3,0,0,3,0,0,2019-20
Jalen McDaniels,CHA,16,293,29,10,25,40,9,24,37.5,58,2019-20
Jamal Crawford,BKN,1,6,3,1,2,50,1,2,50,75,2019-20
Jamal Murray,DEN,59,1903,170,58,147,39.5,54,138,39.1,57.8,2019-20
James Ennis III,ORL,69,1266,141,48,150,32,45,145,31,47,2019-20
James Harden,HOU,68,2483,105,35,85,41.2,35,85,41.2,61.8,2019-20
James Johnson,MIN,32,620,72,24,62,38.7,24,57,42.1,58.1,2019-20
Jared Dudley,LAL,45,364,56,19,43,44.2,18,41,43.9,65.1,2019-20
Jared Harper,NYK,3,8,0,0,2,0,0,2,0,0,2019-20
Jaren Jackson Jr.,MEM,57,1622,410,140,344,40.7,130,326,39.9,59.6,2019-20
Jarred Vanderbilt,MIN,11,47,0,0,1,0,0,1,0,0,2019-20
Jarrell Brantley,UTA,9,96,6,2,12,16.7,2,12,16.7,25,2019-20
Jarrett Allen,BKN,70,1852,2,1,7,14.3,0,5,0,14.3,2019-20
Jarrett Culver,MIN,63,1506,134,45,152,29.6,44,150,29.3,44.1,2019-20
Jarrod Uthoff,WAS,7,53,15,6,11,54.5,3,8,37.5,68.2,2019-20
Javonte Green,BOS,48,468,26,9,27,33.3,8,25,32,48.1,2019-20
Jaxson Hayes,NOP,64,1080,5,2,8,25,1,4,25,31.3,2019-20
Jaylen Brown,BOS,57,1934,307,104,246,42.3,99,236,41.9,62.4,2019-20
Jaylen Hoard,POR,13,103,0,0,3,0,0,3,0,0,2019-20
Jaylen Nowell,MIN,15,151,3,1,18,5.6,1,18,5.6,8.3,2019-20
Jayson Tatum,BOS,66,2265,205,71,176,40.3,63,158,39.9,58.2,2019-20
Jeff Green,HOU,48,960,174,59,162,36.4,56,158,35.4,53.7,2019-20
Jeff Teague,ATL,59,1464,45,15,47,31.9,15,47,31.9,47.9,2019-20
Jerami Grant,DEN,71,1892,306,105,267,39.3,96,246,39,57.3,2019-20
Jeremiah Martin,BKN,9,99,9,3,10,30,3,10,30,45,2019-20
Jeremy Lamb,IND,46,1291,119,41,105,39,37,96,38.5,56.7,2019-20
Jeremy Pargo,GSW,3,44,3,1,2,50,1,2,50,75,2019-20
Jerian Grant,WAS,6,80,3,1,5,20,1,5,20,30,2019-20
Jerome Robinson,WAS,63,979,123,41,118,34.7,41,117,35,52.1,2019-20
Jevon Carter,PHX,58,945,140,47,114,41.2,46,112,41.1,61.4,2019-20
Jimmy Butler,MIA,58,1959,45,16,55,29.1,13,45,28.9,40.9,2019-20
Joakim Noah,LAC,5,50,0,0,0,-,-,-,-,-,2019-20
Joe Chealey,CHA,4,33,0,0,4,0,0,4,0,0,2019-20
Joe Harris,BKN,69,2123,429,145,324,44.8,139,312,44.6,66.2,2019-20
Joe Ingles,UTA,72,2137,245,82,184,44.6,81,181,44.8,66.6,2019-20
Joel Embiid,PHI,51,1506,192,71,200,35.5,50,148,33.8,48,2019-20
John Collins,ATL,41,1363,187,65,160,40.6,57,134,42.5,58.4,2019-20
John Henson,DET,40,600,26,9,40,22.5,8,35,22.9,32.5,2019-20
John Konchar,MEM,19,181,11,4,9,44.4,3,8,37.5,61.1,2019-20
Johnathan Motley,LAC,13,41,3,1,1,100,1,1,100,150,2019-20
Johnathan Williams,WAS,15,180,4,2,10,20,0,1,0,20,2019-20
Jonah Bolden,PHX,7,47,0,0,4,0,0,4,0,0,2019-20
Jonas Valanciunas,MEM,70,1845,133,51,130,39.2,31,86,36,51.2,2019-20
Jonathan Isaac,ORL,34,980,102,36,105,34.3,30,87,34.5,48.6,2019-20
Jordan Bell,CLE,29,256,3,1,10,10,1,7,14.3,15,2019-20
Jordan Bone,DET,10,53,3,1,8,12.5,1,8,12.5,18.8,2019-20
Jordan Clarkson,UTA,71,1705,296,100,252,39.7,96,239,40.2,58.7,2019-20
Jordan McLaughlin,MIN,30,590,60,20,44,45.5,20,44,45.5,68.2,2019-20
Jordan McRae,DET,37,785,85,29,74,39.2,27,69,39.1,57.4,2019-20
Jordan Poole,GSW,57,1274,169,57,196,29.1,55,184,29.9,43.1,2019-20
Josh Gray,NOP,2,23,0,0,0,-,-,-,-,-,2019-20
Josh Hart,NOP,65,1755,320,107,302,35.4,106,298,35.6,53,2019-20
Josh Jackson,MEM,22,381,60,20,54,37,20,53,37.7,55.6,2019-20
Josh Magette,ORL,8,38,0,0,2,0,0,2,0,0,2019-20
Josh Okogie,MIN,62,1547,104,35,129,27.1,34,128,26.6,40.3,2019-20
Josh Reaves,DAL,4,28,0,0,1,0,0,1,0,0,2019-20
Josh Richardson,PHI,55,1693,205,70,210,33.3,65,188,34.6,48.8,2019-20
Jrue Holiday,NOP,61,2117,157,53,143,37.1,51,140,36.4,54.9,2019-20
Juan Toscano-Anderson,GSW,13,272,24,8,22,36.4,8,22,36.4,54.5,2019-20
Juancho Hernangomez,MIN,48,834,123,41,123,33.3,41,121,33.9,50,2019-20
Julius Randle,NYK,64,2080,198,70,211,33.2,58,186,31.2,46.9,2019-20
Justin Anderson,BKN,10,107,18,6,27,22.2,6,27,22.2,33.3,2019-20
Justin Holiday,IND,73,1826,334,113,280,40.4,108,269,40.1,59.6,2019-20
Justin Jackson,DAL,65,1045,128,43,149,28.9,42,147,28.6,43,2019-20
Justin James,SAC,36,232,30,11,29,37.9,8,24,33.3,51.7,2019-20
Justin Patton,DET,5,24,3,1,5,20,1,4,25,30,2019-20
Justin Robinson,WAS,9,49,9,3,4,75,3,4,75,112.5,2019-20
Justin Wright-Foreman,UTA,4,45,0,0,3,0,0,3,0,0,2019-20
Justise Winslow,MEM,11,352,18,7,24,29.2,4,21,19,37.5,2019-20
Jusuf Nurkic,POR,8,253,6,2,13,15.4,2,8,25,23.1,2019-20
Juwan Morgan,UTA,21,134,9,3,8,37.5,3,8,37.5,56.3,2019-20
KZ Okpala,MIA,5,26,0,0,1,0,0,1,0,0,2019-20
Kadeem Allen,NYK,10,117,11,4,10,40,3,9,33.3,55,2019-20
Karl-Anthony Towns,MIN,35,1187,270,91,220,41.4,88,207,42.5,61.4,2019-20
Kawhi Leonard,LAC,57,1848,213,75,182,41.2,63,156,40.4,58.5,2019-20
Keita Bates-Diop,DEN,44,744,98,33,97,34,32,95,33.7,50.5,2019-20
Kelan Martin,MIN,31,495,57,19,81,23.5,19,81,23.5,35.2,2019-20
Keldon Johnson,SAS,17,301,39,13,20,65,13,20,65,97.5,2019-20
Kelly Olynyk,MIA,67,1300,273,93,224,41.5,87,208,41.8,60.9,2019-20
Kelly Oubre Jr.,PHX,56,1933,259,88,252,34.9,83,241,34.4,51.4,2019-20
Kemba Walker,BOS,56,1742,184,62,146,42.5,60,143,42,63,2019-20
Kendrick Nunn,MIA,67,1962,299,104,286,36.4,91,262,34.7,52.3,2019-20
Kenrich Williams,NOP,39,832,72,24,90,26.7,24,90,26.7,40,2019-20
Kent Bazemore,SAC,68,1688,224,75,202,37.1,74,196,37.8,55.4,2019-20
Kentavious Caldwell-Pope,LAL,69,1762,268,94,234,40.2,80,205,39,57.3,2019-20
Kevin Hervey,OKC,10,52,6,2,16,12.5,2,16,12.5,18.8,2019-20
Kevin Huerter,ATL,56,1760,278,93,222,41.9,92,218,42.2,62.6,2019-20
Kevin Knox II,NYK,65,1166,170,59,185,31.9,52,166,31.3,45.9,2019-20
Kevin Love,CLE,56,1780,399,141,337,41.8,117,296,39.5,59.2,2019-20
Kevin Porter Jr.,CLE,50,1162,103,35,88,39.8,33,81,40.7,58.5,2019-20
Kevon Looney,GSW,20,262,7,3,22,13.6,1,14,7.1,15.9,2019-20
Khem Birch,ORL,48,922,0,0,7,0,0,1,0,0,2019-20
Khris Middleton,MIL,62,1853,284,102,219,46.6,80,177,45.2,64.8,2019-20
Khyri Thomas,DET,8,61,15,5,12,41.7,5,12,41.7,62.5,2019-20
Kostas Antetokounmpo,LAL,5,20,0,0,0,-,-,-,-,-,2019-20
Kris Dunn,CHI,51,1269,77,26,96,27.1,25,95,26.3,40.1,2019-20
Kristaps Porzingis,DAL,57,1814,452,163,432,37.7,126,347,36.3,52.3,2019-20
Ky Bowman,GSW,45,1015,58,20,63,31.7,18,58,31,46,2019-20
Kyle Alexander,MIA,2,13,0,0,0,-,-,-,-,-,2019-20
Kyle Anderson,MEM,67,1330,77,28,77,36.4,21,68,30.9,50,2019-20
Kyle Guy,SAC,3,10,0,0,3,0,0,3,0,0,2019-20
Kyle Korver,MIL,58,960,252,86,194,44.3,80,185,43.2,64.9,2019-20
Kyle Kuzma,LAL,61,1526,232,79,226,35,74,203,36.5,51.3,2019-20
Kyle Lowry,TOR,58,2098,213,71,212,33.5,71,208,34.1,50.2,2019-20
Kyle O'Quinn,PHI,29,313,22,8,30,26.7,6,24,25,36.7,2019-20
Kyrie Irving,BKN,20,658,59,21,45,46.7,17,37,45.9,65.6,2019-20
LaMarcus Aldridge,SAS,53,1754,306,127,289,43.9,52,137,38,52.9,2019-20
Lance Thomas,BKN,7,98,14,5,15,33.3,4,13,30.8,46.7,2019-20
Landry Shamet,LAC,53,1452,285,96,247,38.9,93,243,38.3,57.7,2019-20
Langston Galloway,DET,66,1702,393,133,324,41,127,312,40.7,60.6,2019-20
Larry Nance Jr.,CLE,56,1472,179,63,163,38.7,53,141,37.6,54.9,2019-20
Lauri Markkanen,CHI,50,1492,316,106,306,34.6,104,302,34.4,51.6,2019-20
LeBron James,LAL,67,2316,183,63,169,37.3,57,148,38.5,54.1,2019-20
Lonnie Walker IV,SAS,61,988,109,37,92,40.2,35,86,40.7,59.2,2019-20
Lonzo Ball,NOP,63,2025,308,103,270,38.1,102,262,38.9,57,2019-20
Lou Williams,LAC,65,1864,182,63,148,42.6,56,137,40.9,61.5,2019-20
Louis King,DET,10,62,12,4,11,36.4,4,11,36.4,54.5,2019-20
Luc Mbah a Moute,HOU,3,25,0,0,2,0,0,2,0,0,2019-20
Luguentz Dort,OKC,36,820,84,28,97,28.9,28,95,29.5,43.3,2019-20
Luka Doncic,DAL,61,2047,65,22,79,27.8,21,75,28,41.1,2019-20
Luka Samanic,SAS,3,48,8,3,8,37.5,2,7,28.6,50,2019-20
Luke Kennard,DET,28,922,131,44,105,41.9,43,102,42.2,62.4,2019-20
Luke Kornet,CHI,36,559,95,32,105,30.5,31,102,30.4,45.2,2019-20
Malcolm Brogdon,IND,54,1666,81,27,77,35.1,27,75,36,52.6,2019-20
Malcolm Miller,TOR,28,162,21,7,18,38.9,7,18,38.9,58.3,2019-20
Malik Beasley,MIN,55,1209,241,81,201,40.3,79,195,40.5,60,2019-20
Malik Monk,CHA,55,1169,117,39,127,30.7,39,125,31.2,46.1,2019-20
Malik Newman,CLE,1,4,0,0,1,0,0,0,-,0,2019-20
Marc Gasol,TOR,44,1161,175,60,166,36.1,55,142,38.7,52.7,2019-20
Marco Belinelli,SAS,57,883,157,56,143,39.2,45,121,37.2,54.9,2019-20
Marcus Morris Sr.,LAC,62,1936,316,111,253,43.9,94,221,42.5,62.5,2019-20
Marcus Smart,BOS,60,1919,233,79,247,32,75,239,31.4,47.2,2019-20
Marial Shayok,PHI,4,28,3,1,3,33.3,1,3,33.3,50,2019-20
Mario Hezonja,POR,53,871,54,18,60,30,18,59,30.5,45,2019-20
Markelle Fultz,ORL,72,1996,78,27,101,26.7,24,90,26.7,38.6,2019-20
Markieff Morris,LAL,58,1188,247,83,206,40.3,81,199,40.7,60,2019-20
Marko Guduric,MEM,44,484,56,19,52,36.5,18,49,36.7,53.8,2019-20
Marques Bolden,CLE,1,3,0,0,0,-,-,-,-,-,2019-20
Marquese Chriss,GSW,59,1196,34,13,52,25,8,37,21.6,32.7,2019-20
Marvin Bagley III,SAC,13,334,20,8,31,25.8,4,22,18.2,32.3,2019-20
Marvin Williams,MIL,58,1129,154,52,145,35.9,50,138,36.2,53.1,2019-20
Mason Plumlee,DEN,61,1057,2,1,7,14.3,0,3,0,14.3,2019-20
Matisse Thybulle,PHI,65,1287,165,55,150,36.7,55,147,37.4,55,2019-20
Matt Mooney,CLE,4,19,0,0,2,0,0,2,0,0,2019-20
Matt Thomas,TOR,41,440,115,39,80,48.8,37,77,48.1,71.9,2019-20
Matthew Dellavedova,CLE,57,821,51,17,71,23.9,17,70,24.3,35.9,2019-20
Maurice Harkless,NYK,62,1427,92,31,93,33.3,30,90,33.3,49.5,2019-20
Max Strus,CHI,2,6,0,0,1,0,0,1,0,0,2019-20
Maxi Kleber,DAL,74,1890,351,118,311,37.9,115,305,37.7,56.4,2019-20
Melvin Frazier Jr.,ORL,19,126,20,7,14,50,6,13,46.2,71.4,2019-20
Meyers Leonard,MIA,51,1034,146,49,118,41.5,48,117,41,61.9,2019-20
Mfiondu Kabengele,LAC,12,64,24,8,20,40,8,18,44.4,60,2019-20
Michael Carter-Williams,ORL,45,833,65,22,72,30.6,21,69,30.4,45.1,2019-20
Michael Frazier II,HOU,13,145,12,4,19,21.1,4,19,21.1,31.6,2019-20
Michael Kidd-Gilchrist,DAL,25,281,17,6,23,26.1,5,19,26.3,37,2019-20
Michael Porter Jr.,DEN,55,903,160,58,129,45,44,106,41.5,62,2019-20
Mikal Bridges,PHX,73,2042,206,70,198,35.4,66,187,35.3,52,2019-20
Mike Conley,UTA,47,1363,154,52,123,42.3,50,119,42,62.6,2019-20
Mike Muscala,OKC,47,572,169,58,150,38.7,53,137,38.7,56.3,2019-20
Mike Scott,PHI,68,1207,247,84,224,37.5,79,211,37.4,55.1,2019-20
Miles Bridges,CHA,65,1996,247,83,254,32.7,81,246,32.9,48.6,2019-20
Mitchell Robinson,NYK,61,1412,2,1,1,100,-,-,-,100,2019-20
Miye Oni,UTA,10,109,18,6,14,42.9,6,14,42.9,64.3,2019-20
Mo Bamba,ORL,62,878,117,40,117,34.2,37,104,35.6,50,2019-20
Monte Morris,DEN,73,1637,153,52,130,40,49,123,39.8,58.8,2019-20
Montrezl Harrell,LAC,63,1749,4,2,15,13.3,0,4,0,13.3,2019-20
Moritz Wagner,WAS,45,835,75,25,79,31.6,25,78,32.1,47.5,2019-20
Moses Brown,POR,9,33,0,0,0,-,-,-,-,-,2019-20
Mychal Mulder,GSW,7,204,45,15,50,30,15,50,30,45,2019-20
Myles Turner,IND,62,1826,299,108,291,37.1,83,237,35,51.4,2019-20
Nassir Little,POR,48,572,33,11,52,21.2,11,50,22,31.7,2019-20
Naz Mitrou-Long,IND,5,47,3,1,6,16.7,1,6,16.7,25,2019-20
Naz Reid,MIN,30,495,92,31,93,33.3,30,89,33.7,49.5,2019-20
Nemanja Bjelica,SAC,72,2011,346,117,283,41.3,112,274,40.9,61.1,2019-20
Nerlens Noel,OKC,61,1127,23,11,35,31.4,1,2,50,32.9,2019-20
Nickeil Alexander-Walker,NOP,47,591,113,38,93,40.9,37,92,40.2,60.8,2019-20
Nicolas Batum,CHA,22,505,36,12,35,34.3,12,35,34.3,51.4,2019-20
Nicolas Claxton,BKN,15,187,3,1,6,16.7,1,5,20,25,2019-20
Nicolo Melli,NOP,60,1042,207,71,198,35.9,65,184,35.3,52.3,2019-20
Nigel Williams-Goss,UTA,10,50,6,2,7,28.6,2,7,28.6,42.9,2019-20
Nikola Jokic,DEN,73,2335,331,131,334,39.2,69,212,32.5,49.6,2019-20
Nikola Vucevic,ORL,62,1998,429,166,426,39,97,285,34,50.4,2019-20
Noah Vonleh,DEN,36,378,9,3,14,21.4,3,14,21.4,32.1,2019-20
Norman Powell,TOR,52,1479,275,92,211,43.6,91,207,44,65.2,2019-20
Norvel Pelle,PHI,24,232,0,0,1,0,0,1,0,0,2019-20
OG Anunoby,TOR,69,2066,232,78,204,38.2,76,199,38.2,56.9,2019-20
Omari Spellman,MIN,49,886,146,52,130,40,42,105,40,56.2,2019-20
Oshae Brissett,TOR,19,135,9,3,14,21.4,3,14,21.4,32.1,2019-20
Otto Porter Jr.,CHI,14,331,61,21,53,39.6,19,45,42.2,57.5,2019-20
P.J. Tucker,HOU,72,2467,331,113,303,37.3,105,291,36.1,54.6,2019-20
P.J. Washington,CHA,58,1759,239,80,209,38.3,79,205,38.5,57.2,2019-20
PJ Dozier,DEN,29,412,18,6,21,28.6,6,19,31.6,42.9,2019-20
Pascal Siakam,TOR,60,2110,229,80,213,37.6,69,191,36.1,53.8,2019-20
Pat Connaughton,MIL,67,1243,143,48,149,32.2,47,146,32.2,48,2019-20
Patrick Beverley,LAC,51,1342,207,69,169,40.8,69,169,40.8,61.2,2019-20
Patrick McCaw,TOR,37,908,71,25,62,40.3,21,58,36.2,57.3,2019-20
Patrick Patterson,LAC,59,776,204,69,181,38.1,66,168,39.3,56.4,2019-20
Patty Mills,SAS,66,1485,300,101,250,40.4,98,244,40.2,60,2019-20
Paul George,LAC,48,1419,273,93,225,41.3,87,210,41.4,60.7,2019-20
Paul Millsap,DEN,51,1240,162,55,123,44.7,52,112,46.4,65.9,2019-20
Paul Watson,TOR,10,87,9,3,7,42.9,3,7,42.9,64.3,2019-20
Quinn Cook,LAL,44,508,66,22,55,40,22,54,40.7,60,2019-20
Quinndary Weatherspoon,SAS,11,78,0,0,3,0,0,3,0,0,2019-20
RJ Barrett,NYK,56,1704,164,55,163,33.7,54,160,33.8,50.3,2019-20
Rajon Rondo,LAL,48,984,74,25,63,39.7,24,61,39.3,58.7,2019-20
Raul Neto,PHI,54,668,77,26,56,46.4,25,55,45.5,68.8,2019-20
Rayjon Tucker,UTA,20,161,6,2,12,16.7,2,12,16.7,25,2019-20
Reggie Bullock,NYK,29,684,109,39,107,36.4,31,92,33.7,50.9,2019-20
Reggie Jackson,LAC,31,743,108,36,88,40.9,36,85,42.4,61.4,2019-20
Richaun Holmes,SAC,44,1242,62,31,54,57.4,-,-,-,57.4,2019-20
Ricky Rubio,PHX,65,2016,206,71,173,41,64,156,41,59.5,2019-20
Robert Covington,HOU,70,2137,433,146,436,33.5,141,427,33,49.7,2019-20
Robert Williams III,BOS,29,388,2,1,3,33.3,-,-,-,33.3,2019-20
Robin Lopez,MIL,66,958,107,36,107,33.6,35,103,34,50,2019-20
Rodions Kurucs,BKN,47,684,90,30,82,36.6,30,82,36.6,54.9,2019-20
Rodney Hood,POR,21,619,78,26,50,52,26,47,55.3,78,2019-20
Rodney McGruder,LAC,56,871,74,25,88,28.4,24,86,27.9,42,2019-20
Romeo Langford,BOS,32,370,15,5,27,18.5,5,26,19.2,27.8,2019-20
Rondae Hollis-Jefferson,TOR,60,1122,11,4,27,14.8,3,22,13.6,20.4,2019-20
Royce O'Neale,UTA,71,2049,258,86,217,39.6,86,216,39.8,59.4,2019-20
Rudy Gay,SAS,67,1461,207,75,218,34.4,57,185,30.8,47.5,2019-20
Rudy Gobert,UTA,68,2333,2,1,5,20,-,-,-,20,2019-20
Rui Hachimura,WAS,48,1444,105,40,124,32.3,25,83,30.1,42.3,2019-20
Russell Westbrook,HOU,57,2049,104,36,114,31.6,32,110,29.1,45.6,2019-20
Ryan Anderson,HOU,2,14,3,1,5,20,1,5,20,30,2019-20
Ryan Arcidiacono,CHI,58,930,126,42,109,38.5,42,108,38.9,57.8,2019-20
Ryan Broekhoff,PHI,17,180,54,18,47,38.3,18,47,38.3,57.4,2019-20
Sekou Doumbouya,DET,38,754,76,26,92,28.3,24,87,27.6,41.3,2019-20
Semi Ojeleye,BOS,69,1011,143,49,126,38.9,45,117,38.5,56.7,2019-20
Serge Ibaka,TOR,55,1485,285,110,282,39,65,172,37.8,50.5,2019-20
Seth Curry,DAL,64,1576,311,106,219,48.4,99,206,48.1,71,2019-20
Shabazz Napier,WAS,56,1344,99,33,101,32.7,33,101,32.7,49,2019-20
Shai Gilgeous-Alexander,OKC,70,2428,108,36,90,40,36,86,41.9,60,2019-20
Shake Milton,PHI,40,805,141,47,107,43.9,47,107,43.9,65.9,2019-20
Shamorie Ponds,TOR,4,11,3,1,1,100,1,1,100,150,2019-20
Shaquille Harrison,CHI,43,484,39,13,33,39.4,13,33,39.4,59.1,2019-20
Sindarius Thornwell,NOP,2,35,3,1,3,33.3,1,3,33.3,50,2019-20
Skal Labissiere,ATL,33,567,42,20,38,52.6,2,11,18.2,55.3,2019-20
Solomon Hill,MIA,59,1088,171,58,160,36.3,55,154,35.7,53.4,2019-20
Spencer Dinwiddie,BKN,64,1994,165,56,146,38.4,53,142,37.3,56.5,2019-20
Stanley Johnson,TOR,25,150,9,3,11,27.3,3,11,27.3,40.9,2019-20
Stanton Kidd,UTA,4,15,0,0,1,0,0,1,0,0,2019-20
Stephen Curry,GSW,5,139,20,7,24,29.2,6,22,27.3,41.7,2019-20
Sterling Brown,MIL,52,767,101,34,95,35.8,33,91,36.3,53.2,2019-20
Steven Adams,OKC,63,1681,37,18,28,64.3,1,2,50,66.1,2019-20
Svi Mykhailiuk,DET,56,1265,287,96,229,41.9,95,226,42,62.7,2019-20
T.J. Leaf,IND,28,222,15,5,20,25,5,17,29.4,37.5,2019-20
T.J. McConnell,IND,71,1326,27,11,22,50,5,12,41.7,61.4,2019-20
T.J. Warren,IND,67,2202,278,100,231,43.3,78,191,40.8,60.2,2019-20
Tacko Fall,BOS,7,33,0,0,0,-,-,-,-,-,2019-20
Taj Gibson,NYK,62,1025,64,30,70,42.9,4,13,30.8,45.7,2019-20
Talen Horton-Tucker,LAL,6,81,6,2,7,28.6,2,7,28.6,42.9,2019-20
Tariq Owens,PHX,3,15,0,0,2,0,0,2,0,0,2019-20
Taurean Prince,BKN,64,1857,341,114,325,35.1,113,316,35.8,52.5,2019-20
Terance Mann,LAC,41,362,15,5,17,29.4,5,15,33.3,44.1,2019-20
Terence Davis,TOR,72,1209,224,75,182,41.2,74,180,41.1,61.5,2019-20
Terrance Ferguson,OKC,56,1257,149,51,168,30.4,47,161,29.2,44.3,2019-20
Terrence Ross,ORL,69,1889,458,161,431,37.4,136,367,37.1,53.1,2019-20
Terry Rozier,CHA,63,2164,322,108,236,45.8,106,231,45.9,68.2,2019-20
Thabo Sefolosha,HOU,41,436,42,14,53,26.4,14,51,27.5,39.6,2019-20
Thaddeus Young,CHI,64,1591,224,75,202,37.1,74,199,37.2,55.4,2019-20
Thanasis Antetokounmpo,MIL,20,129,0,0,6,0,0,6,0,0,2019-20
Theo Pinson,NYK,33,365,21,7,38,18.4,7,38,18.4,27.6,2019-20
Thomas Bryant,WAS,46,1147,168,67,150,44.7,34,80,42.5,56,2019-20
Thon Maker,DET,60,776,74,27,75,36,20,60,33.3,49.3,2019-20
Tim Frazier,DET,27,355,22,8,17,47.1,6,14,42.9,64.7,2019-20
Tim Hardaway Jr.,DAL,71,2091,446,150,359,41.8,146,347,42.1,62.1,2019-20
Timothe Luwawu-Cabarrot,BKN,47,853,179,60,151,39.7,59,150,39.3,59.3,2019-20
Tobias Harris,PHI,72,2469,326,113,288,39.2,100,263,38,56.6,2019-20
Tomas Satoransky,CHI,65,1878,169,57,172,33.1,55,167,32.9,49.1,2019-20
Tony Bradley,UTA,58,663,9,3,3,100,3,3,100,150,2019-20
Tony Snell,DET,59,1641,260,88,233,37.8,84,223,37.7,55.8,2019-20
Torrey Craig,DEN,58,1072,128,43,137,31.4,42,131,32.1,46.7,2019-20
Trae Young,ATL,60,2120,148,50,107,46.7,48,103,46.6,69.2,2019-20
Tremont Waters,BOS,11,119,2,1,10,10,0,9,0,10,2019-20
Treveon Graham,ATL,55,929,87,29,112,25.9,29,109,26.6,38.8,2019-20
Trevor Ariza,POR,53,1492,198,66,174,37.9,66,172,38.4,56.9,2019-20
Trey Burke,DAL,33,520,68,23,59,39,22,57,38.6,57.6,2019-20
Trey Lyles,SAS,63,1271,187,64,166,38.6,59,152,38.8,56.3,2019-20
Tristan Thompson,CLE,57,1722,17,6,24,25,5,14,35.7,35.4,2019-20
Troy Brown Jr.,WAS,69,1782,178,61,155,39.4,56,143,39.2,57.4,2019-20
Troy Daniels,DEN,47,532,104,35,102,34.3,34,96,35.4,51,2019-20
Ty Jerome,PHX,31,328,31,11,42,26.2,9,39,23.1,36.9,2019-20
Tyler Cook,DEN,13,54,0,0,0,-,-,-,-,-,2019-20
Tyler Herro,MIA,55,1508,240,84,186,45.2,72,163,44.2,64.5,2019-20
Tyler Johnson,BKN,39,709,117,41,117,35,35,107,32.7,50,2019-20
Tyler Zeller,SAS,2,4,0,0,0,-,-,-,-,-,2019-20
Tyrone Wallace,ATL,14,160,0,0,10,0,0,10,0,0,2019-20
Tyson Chandler,HOU,26,219,0,0,0,-,-,-,-,-,2019-20
Tyus Jones,MEM,65,1232,108,38,83,45.8,32,75,42.7,65.1,2019-20
Udonis Haslem,MIA,4,44,3,1,4,25,1,3,33.3,37.5,2019-20
Vic Law,ORL,8,62,3,1,8,12.5,1,7,14.3,18.8,2019-20
Victor Oladipo,IND,19,528,33,11,41,26.8,11,40,27.5,40.2,2019-20
Vince Carter,ATL,60,876,149,50,176,28.4,49,170,28.8,42.3,2019-20
Vincent Poirier,BOS,22,130,9,4,10,40,1,2,50,45,2019-20
Vlatko Cancar,DEN,14,45,3,1,7,14.3,1,6,16.7,21.4,2019-20
Wayne Ellington,NYK,36,558,117,39,104,37.5,39,99,39.4,56.3,2019-20
Wendell Carter Jr.,CHI,43,1256,48,21,61,34.4,6,26,23.1,39.3,2019-20
Wenyen Gabriel,POR,30,235,18,6,17,35.3,6,17,35.3,52.9,2019-20
Wes Iwundu,ORL,52,953,67,23,72,31.9,21,65,32.3,46.5,2019-20
Wesley Matthews,MIL,67,1635,275,93,244,38.1,89,236,37.7,56.4,2019-20
Will Barton,DEN,58,1916,188,63,156,40.4,62,154,40.3,60.3,2019-20
William Howard,HOU,2,13,0,0,2,0,0,2,0,0,2019-20
Willie Cauley-Stein,DAL,54,1097,8,4,19,21.1,0,1,0,21.1,2019-20
Willy Hernangomez,CHA,31,375,19,7,24,29.2,5,21,23.8,39.6,2019-20
Wilson Chandler,BKN,35,734,110,37,115,32.2,36,113,31.9,47.8,2019-20
Yogi Ferrell,SAC,50,530,41,14,34,41.2,13,32,40.6,60.3,2019-20
Yuta Watanabe,MEM,18,105,9,3,8,37.5,3,7,42.9,56.3,2019-20
Zach Collins,POR,11,290,25,9,22,40.9,7,18,38.9,56.8,2019-20
Zach LaVine,CHI,60,2085,220,74,177,41.8,72,169,42.6,62.1,2019-20
Zach Norvell Jr.,GSW,5,41,9,3,10,30,3,8,37.5,45,2019-20
Zhaire Smith,PHI,7,32,0,0,3,0,0,3,0,0,2019-20
Zion Williamson,NOP,24,668,6,2,11,18.2,2,8,25,27.3,2019-20
Zylan Cheatham,NOP,4,51,0,0,2,0,0,1,0,0,2019-20
Yuta Watanabe,TOR,22,268,33,11,31,35.5,11,31,35.5,53.2,2020-21