PLAYER,TEAM,GP,W,L,MIN,DIST. FEET,DIST. MILES,DIST. MILES OFF,DIST. MILES DEF,AVG SPEED,AVG SPEED OFF,AVG SPEED DEF,Season
Aaron Gordon,ORL,62,30,32,2017,794854,150.5,83.4,67.2,4.2,4.65,3.76,2019-20
Aaron Holiday,IND,66,42,24,1617,637674,120.8,63.4,57.3,4.2,4.42,3.98,2019-20
Abdel Nader,OKC,55,37,18,867,354453,67.1,35,32.1,4.32,4.55,4.09,2019-20
Adam Mokoka,CHI,11,3,8,112,45912,8.7,4.5,4.2,4.24,4.44,4.06,2019-20
Admiral Schofield,WAS,33,9,24,368,143274,27.1,14.5,12.6,4.19,4.59,3.8,2019-20
Al Horford,PHI,67,39,28,2026,740032,140.2,77.2,63,3.95,4.24,3.65,2019-20
Al-Farouq Aminu,ORL,18,7,11,380,157539,29.8,16.9,13,4.39,4.87,3.93,2019-20
Alec Burks,PHI,66,21,45,1754,672987,127.5,67.6,59.9,4.12,4.35,3.89,2019-20
Alen Smailagic,GSW,14,1,13,139,57405,10.9,5.8,5.1,4.39,4.61,4.16,2019-20
Alex Caruso,LAL,64,48,16,1175,477587,90.5,47.4,43,4.29,4.55,4.03,2019-20
Alex Len,SAC,54,18,36,956,375278,71.1,38.5,32.6,4.16,4.46,3.85,2019-20
Alfonzo McKinnie,CLE,40,11,29,593,241937,45.8,24.3,21.5,4.41,4.58,4.24,2019-20
Alize Johnson,IND,17,10,7,118,46691,8.8,4.7,4.2,4.51,4.75,4.36,2019-20
Allen Crabbe,MIN,37,5,32,653,256258,48.5,25.9,22.6,4.13,4.38,3.88,2019-20
Allonzo Trier,NYK,24,2,22,291,115137,21.8,11.6,10.2,4.18,4.52,3.85,2019-20
Amile Jefferson,ORL,18,5,13,74,30799,5.8,3.3,2.5,4.45,4.86,4,2019-20
Amir Coffey,LAC,18,11,7,159,62005,11.7,6.4,5.3,4.09,4.51,3.67,2019-20
Andre Drummond,CLE,56,21,35,1844,668033,126.5,67.3,59.3,3.86,3.97,3.74,2019-20
Andre Iguodala,MIA,20,10,10,395,159312,30.2,15.7,14.5,4.21,4.46,3.97,2019-20
Andre Roberson,OKC,7,3,4,87,36468,6.9,3.4,3.5,4.4,4.32,4.47,2019-20
Andrew Wiggins,GSW,54,15,39,1859,714284,135.3,75,60.3,4.07,4.53,3.61,2019-20
Anfernee Simons,POR,70,32,38,1449,603719,114.3,62.2,52.2,4.4,4.68,4.12,2019-20
Ante Zizic,CLE,22,4,18,221,84627,16,8.2,7.8,4.04,4.23,3.86,2019-20
Anthony Davis,LAL,62,46,16,2131,746876,141.5,72.5,68.9,3.73,3.86,3.59,2019-20
Anthony Tolliver,MEM,55,24,31,872,338682,64.1,35.6,28.5,4.12,4.47,3.75,2019-20
Antonius Cleveland,DAL,11,6,5,46,17434,3.3,1.8,1.5,4.15,4.35,3.93,2019-20
Anzejs Pasecniks,WAS,27,9,18,437,178373,33.8,18.2,15.6,4.33,4.79,3.89,2019-20
Aron Baynes,PHX,41,19,22,914,338725,64.2,33.9,30.3,3.95,4.18,3.71,2019-20
Austin Rivers,HOU,68,43,25,1594,591528,112,55.6,56.4,3.94,4.03,3.85,2019-20
Avery Bradley,LAL,49,36,13,1186,485934,92,46.4,45.6,4.36,4.44,4.29,2019-20
BJ Johnson,ORL,10,5,5,83,34857,6.6,3.6,3,4.42,4.95,3.92,2019-20
Bam Adebayo,MIA,71,44,27,2382,901675,170.8,90.9,79.9,4.02,4.21,3.82,2019-20
Ben McLemore,HOU,71,44,27,1619,642079,121.6,61,60.6,4.28,4.45,4.11,2019-20
Ben Simmons,PHI,57,35,22,2017,761396,144.2,79.4,64.8,4.01,4.34,3.67,2019-20
Bismack Biyombo,CHA,52,18,34,1021,392118,74.3,39.6,34.6,4.17,4.41,3.92,2019-20
Blake Griffin,DET,17,8,9,483,167365,31.7,17.2,14.5,3.68,3.91,3.44,2019-20
Boban Marjanovic,DAL,44,21,23,422,157786,29.9,16,13.9,3.98,4.13,3.83,2019-20
Bobby Portis,NYK,66,21,45,1393,541139,102.5,55.4,47.1,4.12,4.43,3.81,2019-20
Bogdan Bogdanovic,SAC,60,29,31,1736,708658,134.2,73.8,60.4,4.3,4.72,3.87,2019-20
Bojan Bogdanovic,UTA,63,41,22,2083,803355,152.2,84.2,67.9,4.11,4.45,3.74,2019-20
Bol Bol,DEN,7,2,5,87,34392,6.5,3.5,3,4.14,4.53,3.76,2019-20
Brad Wanamaker,BOS,71,48,23,1369,520508,98.6,54.2,44.4,4.04,4.46,3.63,2019-20
Bradley Beal,WAS,57,20,37,2053,808383,153.1,84,69.1,4.18,4.62,3.74,2019-20
Brandon Clarke,MEM,58,29,29,1300,541559,102.6,55.8,46.8,4.4,4.88,3.93,2019-20
Brandon Goodwin,ATL,34,13,21,430,179120,33.9,18.3,15.6,4.38,4.69,4.07,2019-20
Brandon Ingram,NOP,61,25,36,2062,821779,155.6,84.9,70.7,4.23,4.73,3.75,2019-20
Brandon Knight,DET,25,4,21,462,181823,34.4,19.6,14.8,4.15,4.54,3.73,2019-20
Brian Bowen II,IND,6,5,1,31,12839,2.4,1.3,1.2,4.35,4.53,4.52,2019-20
Brook Lopez,MIL,67,52,15,1792,665497,126,67,59,3.98,4.42,3.57,2019-20
Bruce Brown,DET,57,18,39,1612,650726,123.2,68.3,54.9,4.29,4.63,3.92,2019-20
Bruno Caboclo,HOU,30,11,19,244,100132,19,10.3,8.7,4.49,4.99,4.01,2019-20
Bruno Fernando,ATL,56,18,38,713,288037,54.6,29.2,25.4,4.27,4.51,4.02,2019-20
Bryn Forbes,SAS,62,26,36,1563,634819,120.2,67.3,52.9,4.35,4.82,3.86,2019-20
Buddy Hield,SAC,71,31,40,2192,925830,175.3,94,81.3,4.46,4.79,4.14,2019-20
CJ McCollum,POR,69,33,36,2518,1014190,192.1,107.6,84.5,4.3,4.74,3.85,2019-20
CJ Miles,WAS,10,4,6,161,60717,11.5,6.1,5.4,3.94,4.34,3.58,2019-20
Caleb Martin,CHA,18,6,12,317,134380,25.5,13.6,11.8,4.51,4.9,4.11,2019-20
Caleb Swanigan,POR,26,11,15,278,113398,21.5,11.2,10.2,4.36,4.57,4.11,2019-20
Cam Reddish,ATL,58,17,41,1551,645417,122.2,63.2,59.1,4.38,4.59,4.19,2019-20
Cameron Johnson,PHX,56,28,28,1223,510057,96.6,52.9,43.7,4.4,4.87,3.95,2019-20
Cameron Payne,PHX,8,8,0,183,76691,14.5,7.8,6.7,4.46,4.85,4.08,2019-20
Caris LeVert,BKN,45,21,24,1330,504584,95.6,52.5,43.1,4.11,4.51,3.7,2019-20
Carmelo Anthony,POR,57,27,30,1869,635890,120.4,63.6,56.8,3.64,3.77,3.49,2019-20
Carsen Edwards,BOS,37,25,12,351,139793,26.5,14,12.5,4.36,4.54,4.18,2019-20
Cedi Osman,CLE,65,19,46,1910,744570,141,75.9,65.1,4.16,4.32,3.99,2019-20
Chandler Hutchison,CHI,28,8,20,527,221312,41.9,22.7,19.2,4.45,4.82,4.08,2019-20
Chandler Parsons,ATL,5,0,5,54,20951,4,2.2,1.8,4.08,4.58,3.61,2019-20
Charlie Brown Jr.,ATL,10,1,9,40,14726,2.8,1.4,1.4,4.46,4.82,4.14,2019-20
Chasson Randle,GSW,3,2,1,40,17259,3.3,1.7,1.5,4.68,4.94,4.15,2019-20
Cheick Diallo,PHX,47,20,27,479,186776,35.4,19.3,16.1,4.25,4.64,3.87,2019-20
Chimezie Metu,SAS,18,8,10,105,40600,7.7,4.2,3.5,4.28,4.67,3.89,2019-20
Chris Boucher,TOR,62,45,17,819,317173,60.1,31.8,28.3,4.09,4.34,3.85,2019-20
Chris Chiozza,BKN,28,14,14,401,161681,30.6,16.7,14,4.25,4.67,3.86,2019-20
Chris Clemons,HOU,33,19,14,291,110510,20.9,10.9,10,4.22,4.56,3.9,2019-20
Chris Paul,OKC,70,44,26,2208,777910,147.3,82.6,64.8,3.73,4.17,3.28,2019-20
Chris Silva,MIA,43,27,16,334,136901,25.9,13.9,12.1,4.31,4.51,4.13,2019-20
Christian Wood,DET,61,20,41,1311,513731,97.3,53.4,43.9,4.15,4.51,3.79,2019-20
Clint Capela,ATL,39,22,17,1279,496019,93.9,49.5,44.4,4.15,4.57,3.76,2019-20
Coby White,CHI,65,22,43,1674,671359,127.2,67.9,59.3,4.27,4.55,3.99,2019-20
Cody Martin,CHA,48,16,32,903,387916,73.5,39.3,34.1,4.56,4.85,4.25,2019-20
Cody Zeller,CHA,57,18,39,1320,537728,101.8,56.9,45,4.36,4.74,3.96,2019-20
Collin Sexton,CLE,65,19,46,2143,831006,157.4,88.8,68.6,4.13,4.48,3.75,2019-20
Corey Brewer,SAC,5,2,3,33,13606,2.6,1.3,1.3,4.46,4.55,4.36,2019-20
Cory Joseph,SAC,71,31,40,1742,719143,136.2,72.5,63.7,4.37,4.62,4.12,2019-20
Courtney Lee,DAL,23,14,9,334,131008,24.8,13.2,11.6,4.18,4.26,4.09,2019-20
Cristiano Felicio,CHI,22,6,16,386,154481,29.3,15.3,13.9,4.25,4.38,4.08,2019-20
D'Angelo Russell,MIN,45,11,34,1452,563744,106.8,57.5,49.3,4.13,4.59,3.7,2019-20
D.J. Augustin,ORL,57,28,29,1420,551063,104.4,59.6,44.7,4.12,4.58,3.63,2019-20
D.J. Wilson,MIL,37,29,8,363,144021,27.3,14.9,12.3,4.36,4.7,3.99,2019-20
DaQuan Jeffries,SAC,13,4,9,141,59845,11.3,6.1,5.2,4.41,4.8,4.03,2019-20
Damian Jones,ATL,55,15,40,887,358585,67.9,35.4,32.5,4.28,4.51,4.06,2019-20
Damian Lillard,POR,65,32,33,2436,919405,174.1,98.3,75.8,4.01,4.42,3.58,2019-20
Damion Lee,GSW,49,12,37,1423,619200,117.3,64.1,53.1,4.61,5.14,4.1,2019-20
Damyean Dotson,NYK,48,14,34,836,322609,61.1,32.7,28.4,4.14,4.44,3.83,2019-20
Daniel Gafford,CHI,43,15,28,609,247218,46.8,24.2,22.6,4.32,4.48,4.16,2019-20
Daniel Theis,BOS,65,42,23,1566,597667,113.2,58.4,54.8,4.07,4.27,3.88,2019-20
Danilo Gallinari,OKC,62,37,25,1834,676051,128,72.1,55.9,3.9,4.33,3.47,2019-20
Danny Green,LAL,68,51,17,1687,714541,135.3,71.5,63.8,4.52,4.82,4.23,2019-20
Dante Exum,CLE,35,10,25,486,198837,37.7,20.2,17.5,4.36,4.62,4.09,2019-20
Danuel House Jr.,HOU,63,40,23,1913,757282,143.4,71.9,71.5,4.23,4.41,4.06,2019-20
Dario Saric,PHX,65,32,33,1594,649342,123,66.9,56.1,4.34,4.71,3.97,2019-20
Darius Bazley,OKC,61,36,25,1129,438147,83,43.5,39.5,4.19,4.44,3.95,2019-20
Darius Garland,CLE,59,17,42,1824,715144,135.4,76.4,59.1,4.18,4.53,3.82,2019-20
Daryl Macon,MIA,4,4,0,14,5375,1,0.5,0.5,4.26,4.6,3.97,2019-20
David Nwaba,HOU,20,8,12,268,103788,19.7,10.1,9.6,4.33,4.65,4.04,2019-20
Davis Bertans,WAS,54,20,34,1583,624380,118.3,66,52.3,4.3,4.99,3.67,2019-20
De'Aaron Fox,SAC,50,20,30,1604,641613,121.5,65.2,56.4,4.23,4.61,3.86,2019-20
De'Andre Hunter,ATL,63,19,44,2018,817220,154.8,83.4,71.4,4.29,4.65,3.93,2019-20
De'Anthony Melton,MEM,60,27,33,1167,475299,90,48.1,41.9,4.28,4.6,3.97,2019-20
DeAndre Jordan,BKN,56,27,29,1234,415888,78.8,42.6,36.1,3.62,3.92,3.32,2019-20
DeAndre' Bembry,ATL,43,10,33,915,374703,71,36.6,34.4,4.3,4.49,4.12,2019-20
DeMar DeRozan,SAS,67,30,37,2282,880225,166.7,93.3,73.4,4.11,4.57,3.65,2019-20
DeMarre Carroll,HOU,24,10,14,290,110055,20.8,10.7,10.1,4.09,4.48,3.75,2019-20
Dean Wade,CLE,12,1,11,71,30174,5.7,3.1,2.6,4.43,4.84,4.02,2019-20
Deandre Ayton,PHX,38,20,18,1236,463879,87.9,46.5,41.3,3.98,4.26,3.69,2019-20
Dejounte Murray,SAS,65,28,37,1656,722203,136.8,75.2,61.6,4.68,5.14,4.22,2019-20
Delon Wright,DAL,72,41,31,1545,631703,119.6,66.3,53.3,4.4,4.75,4.03,2019-20
Dennis Schroder,OKC,65,40,25,1999,789019,149.4,78.3,71.1,4.12,4.31,3.92,2019-20
Dennis Smith Jr.,NYK,34,7,27,537,218071,41.3,22.5,18.8,4.32,4.7,3.94,2019-20
Denzel Valentine,CHI,36,12,24,488,192929,36.5,19.8,16.8,4.24,4.59,3.92,2019-20
Deonte Burton,OKC,39,22,17,357,136002,25.8,13.3,12.4,4.14,4.38,3.88,2019-20
Derrick Favors,NOP,50,24,26,1211,474823,89.9,47.7,42.2,4.19,4.56,3.83,2019-20
Derrick Jones Jr.,MIA,58,34,24,1350,530813,100.5,52,48.6,4.15,4.31,4,2019-20
Derrick Rose,DET,49,17,32,1272,506143,95.9,53.7,42.2,4.22,4.72,3.72,2019-20
Derrick Walton Jr.,DET,26,15,11,248,99397,18.8,9.9,9,4.26,4.43,4.12,2019-20
Derrick White,SAS,67,31,36,1655,675564,127.9,71.3,56.6,4.3,4.81,3.8,2019-20
Devin Booker,PHX,70,34,36,2512,992861,188,105,83,4.19,4.72,3.68,2019-20
Devon Hall,OKC,11,6,5,81,31066,5.9,3.3,2.6,4.05,4.67,3.46,2019-20
Devontae Cacok,LAL,1,0,1,9,3828,0.7,0.4,0.3,4.28,4.95,3.62,2019-20
Devonte' Graham,CHA,62,23,39,2179,842916,159.6,89.9,69.7,4.11,4.57,3.64,2019-20
Dewan Hernandez,TOR,6,6,0,28,11926,2.3,1.2,1,4.43,4.38,4.07,2019-20
Dewayne Dedmon,ATL,44,17,27,774,290934,55.1,29,26.1,3.98,4.23,3.72,2019-20
Dillon Brooks,MEM,73,34,39,2112,812819,153.9,79.7,74.2,4.09,4.26,3.93,2019-20
Dion Waiters,LAL,10,4,6,207,76449,14.5,7.9,6.6,3.89,4.43,3.39,2019-20
Domantas Sabonis,IND,62,37,25,2159,827032,156.6,83.6,73.1,4.08,4.38,3.8,2019-20
Donovan Mitchell,UTA,69,43,26,2364,878064,166.3,91.8,74.5,3.94,4.29,3.59,2019-20
Donta Hall,BKN,9,4,5,133,55093,10.4,5.8,4.6,4.34,4.5,4.15,2019-20
Donte DiVincenzo,MIL,65,52,13,1495,624246,118.2,62.4,55.8,4.44,4.85,4.05,2019-20
Dorian Finney-Smith,DAL,69,38,31,2079,827671,156.8,82.9,73.9,4.24,4.41,4.06,2019-20
Doug McDermott,IND,69,43,26,1372,575438,109,59.8,49.1,4.56,5.02,4.11,2019-20
Dragan Bender,GSW,15,9,6,280,110535,20.9,11.4,9.5,4.18,4.55,3.81,2019-20
Draymond Green,GSW,43,10,33,1222,445929,84.5,44.5,39.9,3.91,4.27,3.56,2019-20
Drew Eubanks,SAS,22,13,9,272,110805,21,11.2,9.8,4.32,4.67,3.97,2019-20
Duncan Robinson,MIA,72,44,28,2128,854223,161.8,90.3,71.5,4.27,4.71,3.82,2019-20
Dusty Hannahs,MEM,2,0,2,13,4994,0.9,0.5,0.4,3.76,4.34,3.22,2019-20
Dwayne Bacon,CHA,39,10,29,687,262795,49.8,26.6,23.2,4.06,4.3,3.82,2019-20
Dwight Howard,LAL,69,52,17,1306,488646,92.5,48.7,43.9,3.98,4.18,3.78,2019-20
Dwight Powell,DAL,39,24,15,1029,406349,77,42.2,34.7,4.23,4.55,3.88,2019-20
Dzanan Musa,BKN,40,20,20,487,194015,36.7,19.9,16.9,4.26,4.61,3.92,2019-20
E'Twaun Moore,NOP,55,27,28,1004,413448,78.3,42.6,35.8,4.42,4.9,3.96,2019-20
Ed Davis,UTA,28,16,12,303,119351,22.6,12.2,10.4,4.16,4.39,3.92,2019-20
Edmond Sumner,IND,31,16,15,447,184356,34.9,18.2,16.7,4.37,4.66,4.09,2019-20
Elfrid Payton,NYK,45,17,28,1246,504873,95.6,52.6,43,4.32,4.72,3.91,2019-20
Elie Okobo,PHX,54,23,31,703,295685,56,30.4,25.6,4.49,4.85,4.13,2019-20
Emmanuel Mudiay,UTA,54,34,20,850,352218,66.7,38,28.7,4.42,4.89,3.91,2019-20
Enes Kanter,BOS,58,36,22,983,366347,69.4,35.8,33.6,3.97,4.03,3.9,2019-20
Eric Bledsoe,MIL,60,47,13,1615,654074,123.9,65.3,58.6,4.32,4.86,3.84,2019-20
Eric Gordon,HOU,36,21,15,1016,353622,67,34,33,3.69,3.97,3.45,2019-20
Eric Mika,SAC,1,0,1,19,7620,1.4,0.8,0.7,4.11,4.93,3.92,2019-20
Eric Paschall,GSW,60,14,46,1654,668256,126.6,67.8,58.7,4.34,4.68,4,2019-20
Ersan Ilyasova,MIL,62,47,15,971,393349,74.5,40.3,34.2,4.32,4.74,3.92,2019-20
Evan Fournier,ORL,66,28,38,2076,835388,158.2,86.2,72,4.3,4.68,3.92,2019-20
Evan Turner,MIN,19,3,16,251,97793,18.5,10.1,8.5,4.05,4.3,3.83,2019-20
Frank Jackson,NOP,58,26,32,776,321109,60.8,32.6,28.2,4.35,4.79,3.94,2019-20
Frank Kaminsky,PHX,38,19,19,745,295311,55.9,31.1,24.8,4.21,4.63,3.78,2019-20
Frank Mason,MIL,9,6,3,118,46196,8.7,4.7,4.1,4.15,4.54,3.88,2019-20
Frank Ntilikina,NYK,57,19,38,1187,477474,90.4,48.9,41.5,4.29,4.64,3.93,2019-20
Fred VanVleet,TOR,54,40,14,1928,758289,143.6,78.2,65.4,4.16,4.59,3.74,2019-20
Furkan Korkmaz,PHI,72,42,30,1559,642659,121.7,66.9,54.8,4.35,4.68,4.01,2019-20
Gabe Vincent,MIA,9,5,4,83,26248,5,2.6,2.3,4.25,4.48,3.86,2019-20
Garrett Temple,BKN,62,30,32,1730,665809,126.1,67.9,58.2,4.18,4.5,3.86,2019-20
Garrison Mathews,WAS,18,8,10,227,94791,18,9.1,8.8,4.38,4.6,4.14,2019-20
Gary Clark,ORL,42,23,19,566,227634,43.1,22.9,20.2,4.24,4.57,3.92,2019-20
Gary Harris,DEN,56,37,19,1780,665575,126.1,66.4,59.7,4.08,4.23,3.93,2019-20
Gary Payton II,WAS,29,13,16,432,190168,36,18.5,17.5,4.67,4.89,4.47,2019-20
Gary Trent Jr.,POR,60,28,32,1299,490234,92.8,48.3,44.6,4.07,4.18,3.97,2019-20
George Hill,MIL,58,46,12,1247,493269,93.4,50.4,43,4.24,4.52,3.95,2019-20
Georges Niang,UTA,66,41,25,923,371981,70.5,38.9,31.6,4.3,4.63,3.96,2019-20
Giannis Antetokounmpo,MIL,62,50,12,1885,729714,138.2,75.5,62.7,4.13,4.75,3.56,2019-20
Glenn Robinson III,PHI,62,17,45,1786,752827,142.6,75.8,66.8,4.49,4.81,4.18,2019-20
Goga Bitadze,IND,54,32,22,471,182530,34.6,18.7,15.9,4.15,4.41,3.88,2019-20
Goran Dragic,MIA,58,37,21,1632,642832,121.7,69.4,52.4,4.14,4.67,3.61,2019-20
Gordon Hayward,BOS,52,34,18,1740,710042,134.5,73.3,61.1,4.33,4.76,3.91,2019-20
Gorgui Dieng,MEM,63,20,43,1096,418163,79.2,43.4,35.8,4.06,4.4,3.71,2019-20
Grant Williams,BOS,69,47,22,1043,414029,78.4,40.9,37.5,4.19,4.37,4.01,2019-20
Grayson Allen,MEM,38,16,22,718,296025,56.1,29.7,26.4,4.34,4.65,4.04,2019-20
Hamidou Diallo,OKC,46,25,21,896,356709,67.6,35.8,31.8,4.3,4.52,4.08,2019-20
Harrison Barnes,SAC,71,31,40,2448,982538,186.1,100.5,85.6,4.25,4.6,3.89,2019-20
Harry Giles III,SAC,45,22,23,653,249345,47.2,24.6,22.6,4.04,4.21,3.87,2019-20
Hassan Whiteside,POR,66,33,33,1973,716653,135.7,71.9,63.8,3.88,4,3.75,2019-20
Henry Ellenson,BKN,5,2,3,15,6435,1.2,0.7,0.6,4.31,5.31,4.1,2019-20
Ian Mahinmi,WAS,38,15,23,808,317015,60,32.3,27.8,4.17,4.45,3.9,2019-20
Ignas Brazdeikis,NYK,9,1,8,53,18588,3.5,1.8,1.7,4.17,4.52,3.86,2019-20
Iman Shumpert,BKN,13,9,4,241,94862,18,9.1,8.8,4.18,4.31,4.01,2019-20
Isaac Bonga,WAS,66,22,44,1250,505348,95.7,49.1,46.6,4.3,4.47,4.14,2019-20
Isaiah Hartenstein,HOU,23,16,7,266,110289,20.9,10.9,10,4.4,4.67,4.13,2019-20
Isaiah Roby,OKC,3,2,1,11,3779,0.7,0.4,0.4,4.51,6.04,4.5,2019-20
Isaiah Thomas,WAS,40,14,26,925,326084,61.8,35.1,26.7,3.87,4.37,3.36,2019-20
Ish Smith,WAS,68,23,45,1787,753691,142.7,80.3,62.4,4.46,5.15,3.81,2019-20
Ivica Zubac,LAC,72,49,23,1326,520699,98.6,52.9,45.8,4.19,4.55,3.84,2019-20
J.J. Barea,DAL,29,15,14,450,175672,33.3,19.1,14.1,4.17,4.66,3.64,2019-20
J.P. Macura,CLE,1,1,0,1,229,0,0,0,0,0,0,2019-20
JJ Redick,NOP,60,26,34,1581,665917,126.1,69,57.1,4.46,5.05,3.91,2019-20
JR Smith,LAL,6,2,4,79,31422,6,3.1,2.9,4.25,4.73,3.84,2019-20
Ja Morant,MEM,67,33,34,2074,847701,160.5,89.8,70.7,4.33,4.84,3.82,2019-20
JaKarr Sampson,IND,34,21,13,471,191595,36.3,19.1,17.2,4.34,4.54,4.14,2019-20
JaMychal Green,LAC,63,43,20,1307,511920,97,51.3,45.6,4.12,4.46,3.78,2019-20
JaVale McGee,LAL,68,51,17,1130,431022,81.6,42,39.6,4.1,4.31,3.91,2019-20
Jabari Parker,SAC,38,9,29,918,387940,73.5,39.9,33.6,4.46,4.87,4.06,2019-20
Jacob Evans,MIN,29,8,21,418,177142,33.5,18,15.5,4.53,4.93,4.14,2019-20
Jae Crowder,MIA,64,29,35,1840,709444,134.4,71.4,63,4.1,4.39,3.81,2019-20
Jahlil Okafor,NOP,30,9,21,467,185186,35.1,18.6,16.5,4.21,4.57,3.86,2019-20
Jake Layman,MIN,23,11,12,505,211957,40.1,21.8,18.3,4.41,4.81,4,2019-20
Jakob Poeltl,SAS,65,29,36,1155,488267,92.5,49.6,42.9,4.49,4.89,4.11,2019-20
Jalen Brunson,DAL,56,33,23,1007,403546,76.4,42,34.5,4.25,4.56,3.93,2019-20
Jalen Lecque,PHX,5,2,3,32,12968,2.5,1.3,1.2,4.36,4.77,4,2019-20
Jalen McDaniels,CHA,16,7,9,293,123695,23.4,12.8,10.6,4.52,4.91,4.12,2019-20
Jamal Crawford,BKN,1,1,0,6,2227,0.4,0.3,0.2,3.83,5.22,4.27,2019-20
Jamal Murray,DEN,59,38,21,1903,760214,144,80.9,63.1,4.25,4.67,3.82,2019-20
James Ennis III,ORL,69,42,27,1266,519746,98.4,52.6,45.9,4.45,4.7,4.21,2019-20
James Harden,HOU,68,43,25,2483,819901,155.3,82.1,73.2,3.53,3.87,3.22,2019-20
James Johnson,MIN,32,14,18,620,238875,45.2,24.5,20.8,4.1,4.53,3.7,2019-20
Jared Dudley,LAL,45,30,15,364,140559,26.6,15,11.6,4.11,4.59,3.61,2019-20
Jared Harper,NYK,3,1,2,8,2402,0.5,0.2,0.2,4.53,3.76,3.51,2019-20
Jaren Jackson Jr.,MEM,57,28,29,1622,650768,123.3,67.5,55.8,4.27,4.71,3.83,2019-20
Jarred Vanderbilt,MIN,11,6,5,47,16346,3.1,1.7,1.4,4.37,4.8,3.94,2019-20
Jarrell Brantley,UTA,9,3,6,96,35572,6.7,3.8,2.9,4.1,4.37,3.8,2019-20
Jarrett Allen,BKN,70,33,37,1852,702271,133,72.4,60.6,4.05,4.44,3.66,2019-20
Jarrett Culver,MIN,63,19,44,1506,594490,112.6,61.1,51.5,4.22,4.6,3.85,2019-20
Jarrod Uthoff,WAS,7,4,3,53,21960,4.2,2.3,1.9,4.44,4.83,4.04,2019-20
Javonte Green,BOS,48,33,15,468,189846,36,18.8,17.2,4.33,4.54,4.12,2019-20
Jaxson Hayes,NOP,63,28,35,1076,434555,82.3,43.5,38.8,4.27,4.68,3.89,2019-20
Jaylen Brown,BOS,57,38,19,1934,745766,141.2,74,67.2,4.11,4.37,3.86,2019-20
Jaylen Hoard,POR,13,7,6,103,45024,8.5,4.5,4.1,4.59,4.89,4.4,2019-20
Jaylen Nowell,MIN,15,2,13,151,61813,11.7,6.3,5.5,4.32,4.73,4,2019-20
Jayson Tatum,BOS,66,46,20,2265,854579,161.9,87.9,73.9,4.01,4.38,3.63,2019-20
Jeff Green,HOU,48,28,20,960,346005,65.5,33.8,31.8,3.9,4.13,3.68,2019-20
Jeff Teague,ATL,59,22,37,1464,513529,97.3,53.4,43.9,3.71,4.09,3.33,2019-20
Jerami Grant,DEN,71,45,26,1892,726685,137.6,75.1,62.6,4.06,4.31,3.8,2019-20
Jeremiah Martin,BKN,9,6,3,99,42448,8,4.5,3.5,4.44,4.72,4.13,2019-20
Jeremy Lamb,IND,46,27,19,1291,504380,95.5,50.9,44.7,4.16,4.37,3.94,2019-20
Jeremy Pargo,GSW,3,0,3,44,18246,3.5,1.9,1.6,4.44,5.19,3.79,2019-20
Jerian Grant,WAS,6,1,5,80,31453,6,3.2,2.7,4.13,4.33,3.77,2019-20
Jerome Robinson,WAS,63,36,27,979,412620,78.1,41.5,36.7,4.54,4.96,4.15,2019-20
Jevon Carter,PHX,58,29,29,945,390569,74,37.8,36.2,4.47,4.54,4.4,2019-20
Jimmy Butler,MIA,58,38,20,1959,774378,146.7,79.7,67,4.2,4.46,3.93,2019-20
Joakim Noah,LAC,5,4,1,50,20590,3.9,2.3,1.6,4.28,4.73,3.76,2019-20
Joe Chealey,CHA,4,1,3,33,14524,2.8,1.5,1.3,4.73,5.16,4.32,2019-20
Joe Harris,BKN,69,33,36,2123,876642,166,94.9,71.1,4.46,5.08,3.83,2019-20
Joe Ingles,UTA,72,44,28,2137,843909,159.8,87.5,72.4,4.2,4.5,3.89,2019-20
Joel Embiid,PHI,51,32,19,1506,538731,102,55.7,46.3,3.77,4.01,3.52,2019-20
John Collins,ATL,41,15,26,1363,536503,101.6,55.1,46.5,4.18,4.59,3.78,2019-20
John Henson,DET,40,8,32,600,222989,42.2,22.5,19.7,3.96,4.11,3.8,2019-20
John Konchar,MEM,19,9,10,181,72355,13.7,7.5,6.2,4.37,4.59,4.12,2019-20
Johnathan Motley,LAC,13,8,5,41,15670,3,1.5,1.4,4.21,4.45,3.72,2019-20
Johnathan Williams,WAS,15,7,8,180,72059,13.6,7.3,6.3,4.28,4.6,3.95,2019-20
Jonah Bolden,PHX,7,6,1,47,18879,3.6,2,1.6,4.43,4.54,4.29,2019-20
Jonas Valanciunas,MEM,70,32,38,1845,695248,131.7,71.1,60.6,4.02,4.31,3.73,2019-20
Jonathan Isaac,ORL,34,15,19,980,395455,74.9,41.4,33.5,4.33,4.83,3.84,2019-20
Jordan Bell,CLE,29,8,21,256,97557,18.5,9.9,8.6,4.23,4.53,3.94,2019-20
Jordan Bone,DET,10,3,7,53,18957,3.6,2,1.5,4.3,4.4,3.92,2019-20
Jordan Clarkson,UTA,71,34,37,1705,701413,132.8,74,58.8,4.37,4.72,4,2019-20
Jordan McLaughlin,MIN,30,7,23,590,243940,46.2,25.3,20.9,4.52,4.96,4.08,2019-20
Jordan McRae,DET,37,12,25,785,292463,55.4,29.7,25.7,3.95,4.31,3.6,2019-20
Jordan Poole,GSW,57,12,45,1274,489431,92.7,51.4,41.2,4.07,4.53,3.61,2019-20
Josh Gray,NOP,2,1,1,23,9653,1.8,0.9,0.9,4.3,4.34,4.26,2019-20
Josh Hart,NOP,64,26,38,1742,707965,134.1,71.5,62.6,4.29,4.69,3.91,2019-20
Josh Jackson,MEM,22,10,12,381,150050,28.4,15,13.4,4.17,4.46,3.9,2019-20
Josh Magette,ORL,8,3,5,38,13419,2.5,1.5,1.1,4.21,4.74,3.96,2019-20
Josh Okogie,MIN,62,19,43,1547,623424,118.1,60.1,58,4.27,4.36,4.18,2019-20
Josh Reaves,DAL,4,2,2,28,11138,2.1,1.1,1,4.17,4.41,3.93,2019-20
Josh Richardson,PHI,55,33,22,1693,685476,129.8,71.4,58.4,4.29,4.56,3.99,2019-20
Jrue Holiday,NOP,60,26,34,2080,836911,158.5,86.8,71.7,4.28,4.88,3.72,2019-20
Juan Toscano-Anderson,GSW,13,3,10,272,117576,22.3,12.5,9.8,4.58,5.06,4.09,2019-20
Juancho Hernangomez,MIN,48,24,24,834,330440,62.6,33,29.6,4.4,4.65,4.16,2019-20
Julius Randle,NYK,64,21,43,2080,771660,146.1,79.9,66.2,3.96,4.29,3.61,2019-20
Justin Anderson,BKN,10,6,4,107,40909,7.7,4.4,3.4,4.02,4.42,3.7,2019-20
Justin Holiday,IND,73,45,28,1826,739298,140,75.6,64.4,4.34,4.74,3.94,2019-20
Justin Jackson,DAL,64,38,26,1024,402440,76.2,42.1,34.2,4.3,4.59,3.99,2019-20
Justin James,SAC,36,14,22,232,97462,18.5,9.4,9,4.42,4.56,4.23,2019-20
Justin Patton,DET,5,2,3,24,9549,1.8,1,0.8,4.09,4.62,3.58,2019-20
Justin Robinson,WAS,9,2,7,49,14779,2.8,1.5,1.3,4.2,5.01,3.55,2019-20
Justin Wright-Foreman,UTA,4,1,3,45,17763,3.4,1.9,1.5,4.24,4.47,3.99,2019-20
Justise Winslow,MEM,11,7,4,352,137251,26,14.5,11.5,4.11,4.46,3.74,2019-20
Jusuf Nurkic,POR,8,6,2,253,96690,18.3,9.7,8.6,4.09,4.31,3.87,2019-20
Juwan Morgan,UTA,21,12,9,134,53641,10.2,5.6,4.6,4.23,4.46,3.98,2019-20
KZ Okpala,MIA,5,2,3,26,9243,1.8,0.8,0.9,4.16,4.09,3.78,2019-20
Kadeem Allen,NYK,10,3,7,117,47535,9,5.2,3.8,4.28,4.98,3.59,2019-20
Karl-Anthony Towns,MIN,35,10,25,1187,437066,82.8,44,38.8,3.9,4.15,3.65,2019-20
Kawhi Leonard,LAC,57,41,16,1848,721905,136.7,74.7,62,4.14,4.6,3.7,2019-20
Keita Bates-Diop,DEN,44,10,34,744,293094,55.5,30.3,25.2,4.17,4.48,3.84,2019-20
Kelan Martin,MIN,31,12,19,495,199537,37.8,19.8,18,4.25,4.54,3.98,2019-20
Keldon Johnson,SAS,17,8,9,301,124477,23.6,12.3,11.2,4.36,4.66,4.04,2019-20
Kelly Olynyk,MIA,66,41,25,1287,506305,95.9,53,42.9,4.15,4.53,3.77,2019-20
Kelly Oubre Jr.,PHX,55,22,33,1893,727960,137.9,74.2,63.7,4.08,4.42,3.74,2019-20
Kemba Walker,BOS,56,37,19,1742,688020,130.3,72.7,57.6,4.21,4.71,3.7,2019-20
Kendrick Nunn,MIA,66,42,24,1935,749896,142,78.8,63.3,4.13,4.49,3.75,2019-20
Kenrich Williams,NOP,39,12,27,832,350758,66.4,35.8,30.6,4.5,5,4.03,2019-20
Kent Bazemore,SAC,67,32,35,1661,687480,130.2,69.9,60.3,4.37,4.64,4.1,2019-20
Kentavious Caldwell-Pope,LAL,69,51,18,1762,679313,128.7,66.4,62.3,4.16,4.36,3.96,2019-20
Kevin Hervey,OKC,10,3,7,52,20349,3.9,2,1.8,4.16,4.32,3.78,2019-20
Kevin Huerter,ATL,56,19,37,1760,709696,134.4,71.4,63,4.28,4.58,3.98,2019-20
Kevin Knox II,NYK,65,21,44,1166,442068,83.7,44.4,39.4,4.16,4.46,3.88,2019-20
Kevin Love,CLE,56,16,40,1780,644741,122.1,67.4,54.7,3.87,4.09,3.63,2019-20
Kevin Porter Jr.,CLE,50,15,35,1162,463630,87.8,46.6,41.2,4.24,4.38,4.1,2019-20
Kevon Looney,GSW,20,6,14,262,103275,19.6,10.6,9,4.22,4.48,3.95,2019-20
Khem Birch,ORL,48,19,29,922,365764,69.3,36.9,32.4,4.25,4.4,4.08,2019-20
Khris Middleton,MIL,61,45,16,1818,716165,135.6,71.6,64,4.2,4.66,3.78,2019-20
Khyri Thomas,DET,8,2,6,61,25161,4.8,2.7,2.1,4.46,4.76,4.13,2019-20
Kostas Antetokounmpo,LAL,5,3,2,20,7004,1.3,0.7,0.6,4.11,4.51,3.73,2019-20
Kris Dunn,CHI,51,19,32,1269,514188,97.4,50.6,46.8,4.31,4.59,4.05,2019-20
Kristaps Porzingis,DAL,55,30,25,1739,636121,120.5,66.3,54.2,3.9,4.21,3.58,2019-20
Ky Bowman,GSW,45,9,36,1015,430313,81.5,43.3,38.2,4.52,4.75,4.28,2019-20
Kyle Alexander,MIA,2,0,2,13,5631,1.1,0.5,0.6,4.55,4.17,4.93,2019-20
Kyle Anderson,MEM,67,32,35,1330,527809,100,53.5,46.5,4.21,4.52,3.91,2019-20
Kyle Guy,SAC,3,2,1,10,4341,0.8,0.4,0.4,4.46,4.48,4.44,2019-20
Kyle Korver,MIL,57,42,15,942,388240,73.5,38.9,34.6,4.37,4.69,4.06,2019-20
Kyle Kuzma,LAL,61,46,15,1526,610434,115.6,61.7,53.9,4.23,4.58,3.9,2019-20
Kyle Lowry,TOR,57,40,17,2063,743468,140.8,76.4,64.4,3.81,4.23,3.41,2019-20
Kyle O'Quinn,PHI,29,18,11,313,110034,20.8,11.5,9.3,3.84,4.01,3.64,2019-20
Kyrie Irving,BKN,20,8,12,658,250219,47.4,26.1,21.3,4.04,4.52,3.58,2019-20
LaMarcus Aldridge,SAS,52,22,30,1717,633858,120,64.8,55.2,3.94,4.2,3.68,2019-20
Lance Thomas,BKN,7,4,3,98,39646,7.5,4,3.5,4.4,4.59,4.21,2019-20
Landry Shamet,LAC,53,34,19,1452,623281,118,63.9,54.2,4.54,5.01,4.09,2019-20
Langston Galloway,DET,65,20,45,1682,660652,125.1,67.1,58,4.26,4.49,4.02,2019-20
Larry Nance Jr.,CLE,56,16,40,1472,563621,106.7,57.7,49,4.06,4.25,3.86,2019-20
Lauri Markkanen,CHI,50,18,32,1492,589992,111.7,60.1,51.6,4.22,4.66,3.8,2019-20
LeBron James,LAL,67,50,17,2316,811777,153.7,84.5,69.2,3.74,4.17,3.32,2019-20
Lonnie Walker IV,SAS,60,28,32,967,381705,72.3,38.4,33.9,4.22,4.57,3.89,2019-20
Lonzo Ball,NOP,62,26,36,1985,793296,150.2,82.4,67.9,4.3,4.84,3.79,2019-20
Lou Williams,LAC,65,44,21,1864,693382,131.3,73.5,57.8,3.92,4.46,3.4,2019-20
Louis King,DET,10,3,7,62,25749,4.9,2.8,2.1,4.36,4.85,3.85,2019-20
Luc Mbah a Moute,HOU,3,1,2,25,8974,1.7,0.8,0.9,3.81,4.05,3.63,2019-20
Luguentz Dort,OKC,36,26,10,820,318546,60.3,29.6,30.7,4.14,4.08,4.2,2019-20
Luka Doncic,DAL,59,34,25,1973,741188,140.4,81,59.4,4,4.51,3.46,2019-20
Luka Samanic,SAS,3,1,2,48,19996,3.8,1.9,1.9,4.43,5.04,3.96,2019-20
Luke Kennard,DET,27,11,16,888,356284,67.5,38.3,29.1,4.26,4.65,3.82,2019-20
Luke Kornet,CHI,36,11,25,559,217654,41.2,22,19.2,4.21,4.57,3.85,2019-20
Malcolm Brogdon,IND,54,34,20,1666,635103,120.3,67.6,52.7,4.06,4.53,3.59,2019-20
Malcolm Miller,TOR,28,24,4,162,69675,13.2,6.9,6.3,4.48,4.68,4.29,2019-20
Malik Beasley,MIN,55,30,25,1209,476699,90.3,49.8,40.5,4.24,4.66,3.82,2019-20
Malik Monk,CHA,54,18,36,1136,442028,83.7,46.3,37.4,4.23,4.62,3.84,2019-20
Malik Newman,CLE,1,0,1,4,1246,0.2,0.2,0.1,3.13,6.16,3.17,2019-20
Marc Gasol,TOR,43,34,9,1145,386085,73.1,37.5,35.6,3.58,3.73,3.44,2019-20
Marco Belinelli,SAS,56,26,30,875,363090,68.8,38.7,30.1,4.47,5.11,3.84,2019-20
Marcus Morris Sr.,LAC,62,26,36,1936,722885,136.9,73,63.9,3.97,4.26,3.69,2019-20
Marcus Smart,BOS,60,39,21,1919,716438,135.7,72.8,62.9,3.95,4.29,3.62,2019-20
Marial Shayok,PHI,4,2,2,28,11766,2.2,1.2,1,4.35,4.52,4.15,2019-20
Mario Hezonja,POR,52,23,29,866,334178,63.3,34.5,28.8,4.18,4.52,3.83,2019-20
Markelle Fultz,ORL,72,33,39,1996,829649,157.1,87.6,69.6,4.44,4.97,3.92,2019-20
Markieff Morris,LAL,57,22,35,1171,430559,81.5,43.7,37.8,3.89,4.13,3.64,2019-20
Marko Guduric,MEM,44,19,25,484,196020,37.1,20.2,16.9,4.37,4.73,4,2019-20
Marques Bolden,CLE,1,0,1,3,1105,0.2,0.1,0.1,3.91,4.75,3.32,2019-20
Marquese Chriss,GSW,59,15,44,1196,475406,90,48.1,41.9,4.2,4.58,3.84,2019-20
Marvin Bagley III,SAC,13,2,11,334,137041,26,13.3,12.7,4.36,4.52,4.2,2019-20
Marvin Williams,MIL,57,21,36,1100,415292,78.7,41.6,37,4.08,4.27,3.88,2019-20
Mason Plumlee,DEN,61,38,23,1057,417273,79,42.7,36.4,4.16,4.45,3.88,2019-20
Matisse Thybulle,PHI,65,40,25,1287,526280,99.7,51.5,48.2,4.36,4.39,4.32,2019-20
Matt Mooney,CLE,4,0,4,19,8411,1.6,0.8,0.8,4.7,4.92,4.5,2019-20
Matt Thomas,TOR,40,30,10,436,190615,36.1,20,16.1,4.71,5.14,4.27,2019-20
Matthew Dellavedova,CLE,57,17,40,821,327739,62.1,34.5,27.6,4.31,4.78,3.84,2019-20
Maurice Harkless,NYK,62,39,23,1427,570117,108,55.6,52.4,4.24,4.4,4.09,2019-20
Max Strus,CHI,2,0,2,6,3131,0.6,0.3,0.3,4.85,5.76,4.19,2019-20
Maxi Kleber,DAL,72,40,32,1832,695783,131.8,73.1,58.7,4.03,4.32,3.71,2019-20
Melvin Frazier Jr.,ORL,19,6,13,126,49064,9.3,4.9,4.4,4.26,4.59,3.95,2019-20
Meyers Leonard,MIA,51,34,17,1034,372356,70.5,38.2,32.3,3.86,4.03,3.68,2019-20
Mfiondu Kabengele,LAC,12,9,3,64,22549,4.3,2.2,2.1,4.17,4.28,4.07,2019-20
Michael Carter-Williams,ORL,45,21,24,833,333325,63.1,34,29.1,4.27,4.55,3.99,2019-20
Michael Frazier II,HOU,13,7,6,145,60023,11.4,5.4,5.9,4.43,4.4,4.38,2019-20
Michael Kidd-Gilchrist,DAL,24,11,13,279,110627,21,10.8,10.2,4.27,4.43,4.11,2019-20
Michael Porter Jr.,DEN,55,36,19,903,360396,68.3,36.7,31.5,4.28,4.46,4.08,2019-20
Mikal Bridges,PHX,72,34,38,2010,847849,160.6,85.1,75.5,4.46,4.78,4.15,2019-20
Mike Conley,UTA,47,26,21,1363,544747,103.2,57.5,45.7,4.25,4.68,3.81,2019-20
Mike Muscala,OKC,47,26,21,572,231654,43.9,24.6,19.3,4.29,4.77,3.81,2019-20
Mike Scott,PHI,68,39,29,1207,480270,91,49.7,41.3,4.27,4.52,4,2019-20
Miles Bridges,CHA,64,23,41,1976,786295,148.9,78.2,70.7,4.26,4.44,4.07,2019-20
Mitchell Robinson,NYK,61,20,41,1412,548741,103.9,54.5,49.5,4.12,4.32,3.93,2019-20
Miye Oni,UTA,10,5,5,109,44544,8.4,4.5,3.9,4.39,4.5,4.26,2019-20
Mo Bamba,ORL,62,30,32,878,335958,63.6,34.2,29.5,4.11,4.31,3.92,2019-20
Monte Morris,DEN,73,46,27,1637,644570,122.1,68.9,53.2,4.25,4.68,3.8,2019-20
Montrezl Harrell,LAC,63,44,19,1749,629379,119.2,62.9,56.3,3.78,4.08,3.5,2019-20
Moritz Wagner,WAS,45,15,30,835,346035,65.5,35.7,29.8,4.37,4.89,3.87,2019-20
Moses Brown,POR,9,4,5,33,13183,2.5,1.3,1.2,4.34,4.52,4.17,2019-20
Mychal Mulder,GSW,7,3,4,204,80481,15.2,8.4,6.9,4.15,4.58,3.77,2019-20
Myles Turner,IND,62,37,25,1826,694829,131.6,71.2,60.4,4.07,4.38,3.75,2019-20
Nassir Little,POR,48,22,26,572,237614,45,24.1,20.9,4.47,4.67,4.27,2019-20
Naz Mitrou-Long,IND,5,3,2,47,16820,3.2,1.8,1.3,4.01,4.42,3.34,2019-20
Naz Reid,MIN,30,8,22,495,195125,37,19.8,17.2,4.19,4.53,3.86,2019-20
Nemanja Bjelica,SAC,71,31,40,1981,756729,143.3,77.4,65.9,4.07,4.39,3.74,2019-20
Nerlens Noel,OKC,61,38,23,1127,450733,85.4,47.1,38.3,4.2,4.64,3.77,2019-20
Nickeil Alexander-Walker,NOP,47,19,28,591,260536,49.3,28,21.4,4.67,5.45,3.95,2019-20
Nicolas Batum,CHA,21,6,15,471,188105,35.6,18.9,16.7,4.23,4.44,4.02,2019-20
Nicolas Claxton,BKN,15,5,10,187,69543,13.2,7.1,6.1,4.33,4.64,4.02,2019-20
Nicolo Melli,NOP,59,26,33,1016,410283,77.7,41.5,36.2,4.29,4.62,3.97,2019-20
Nigel Williams-Goss,UTA,10,6,4,50,17906,3.4,1.9,1.5,4.13,4.32,3.93,2019-20
Nikola Jokic,DEN,73,46,27,2335,848848,160.8,88.6,72.2,3.88,4.17,3.58,2019-20
Nikola Vucevic,ORL,62,28,34,1998,721261,136.6,72.3,64.3,3.86,4.1,3.62,2019-20
Noah Vonleh,DEN,36,13,23,378,147528,27.9,15.4,12.5,4.21,4.69,3.73,2019-20
Norman Powell,TOR,51,39,12,1436,574551,108.8,56.5,52.3,4.22,4.53,3.93,2019-20
Norvel Pelle,PHI,24,12,12,232,87919,16.7,9.1,7.6,4.01,4.28,3.74,2019-20
OG Anunoby,TOR,68,49,19,2027,793593,150.3,75.7,74.6,4.16,4.28,4.04,2019-20
Omari Spellman,MIN,49,11,38,886,344304,65.2,34.5,30.8,4.19,4.41,3.98,2019-20
Oshae Brissett,TOR,19,15,4,135,54332,10.3,5.5,4.8,4.19,4.33,4.04,2019-20
Otto Porter Jr.,CHI,14,5,9,331,137038,26,13.8,12.1,4.4,4.8,3.99,2019-20
P.J. Tucker,HOU,72,44,28,2467,928628,175.9,88.1,87.8,4.02,4.19,3.87,2019-20
P.J. Washington,CHA,57,22,35,1739,676102,128,69.2,58.8,4.16,4.45,3.87,2019-20
PJ Dozier,DEN,29,18,11,412,167150,31.7,17.5,14.2,4.28,4.74,3.82,2019-20
Pascal Siakam,TOR,59,45,14,2072,811687,153.7,82,71.7,4.14,4.52,3.78,2019-20
Pat Connaughton,MIL,66,52,14,1234,512431,97.1,51.6,45.4,4.39,4.68,4.1,2019-20
Patrick Beverley,LAC,51,38,13,1342,550343,104.2,57,47.2,4.35,4.81,3.9,2019-20
Patrick McCaw,TOR,36,26,10,891,346227,65.6,33.5,32.1,4.09,4.19,4,2019-20
Patrick Patterson,LAC,59,39,20,776,297804,56.4,30.8,25.6,4.09,4.44,3.75,2019-20
Patty Mills,SAS,65,27,38,1453,615607,116.6,63.5,53.1,4.46,4.94,4,2019-20
Paul George,LAC,48,34,14,1419,547823,103.8,56,47.7,4.1,4.5,3.7,2019-20
Paul Millsap,DEN,51,30,21,1240,467848,88.6,47.1,41.5,4.04,4.24,3.82,2019-20
Paul Watson,TOR,10,7,3,87,37337,7.1,4,3.1,4.42,4.76,4.05,2019-20
Quinn Cook,LAL,44,31,13,508,171844,32.5,17.4,15.1,4.33,4.55,4.12,2019-20
Quinndary Weatherspoon,SAS,11,5,6,78,34069,6.5,3.5,2.9,4.65,5.08,4.1,2019-20
RJ Barrett,NYK,56,17,39,1704,682229,129.2,68.4,60.8,4.26,4.52,4.01,2019-20
Rajon Rondo,LAL,48,37,11,984,376352,71.3,39.1,32.2,4.04,4.42,3.66,2019-20
Raul Neto,PHI,54,29,25,668,265157,50.2,27.7,22.5,4.31,4.57,4.03,2019-20
Rayjon Tucker,UTA,20,12,8,161,62892,11.9,6.6,5.4,4.28,4.46,4.14,2019-20
Reggie Bullock,NYK,29,9,20,684,269610,51.1,27.5,23.6,4.2,4.46,3.92,2019-20
Reggie Jackson,LAC,31,16,15,743,286485,54.3,29.7,24.5,4.08,4.46,3.68,2019-20
Richaun Holmes,SAC,43,16,27,1223,455536,86.3,44.2,42,3.96,4.08,3.83,2019-20
Ricky Rubio,PHX,64,32,32,1979,793273,150.2,84.3,65.9,4.25,4.81,3.7,2019-20
Robert Covington,HOU,70,27,43,2137,814456,154.3,83.1,71.1,4.06,4.45,3.67,2019-20
Robert Williams III,BOS,29,19,10,388,149819,28.4,14.4,13.9,4.07,4.31,3.83,2019-20
Robin Lopez,MIL,66,51,15,958,371544,70.4,38.4,32,4.25,4.64,3.85,2019-20
Rodions Kurucs,BKN,47,18,29,684,280547,53.1,29.5,23.6,4.36,4.85,3.87,2019-20
Rodney Hood,POR,21,8,13,619,245968,46.6,25.1,21.5,4.23,4.47,3.99,2019-20
Rodney McGruder,LAC,56,38,18,871,357971,67.8,34.9,32.9,4.41,4.7,4.14,2019-20
Romeo Langford,BOS,32,22,10,370,151038,28.6,14.9,13.7,4.32,4.43,4.2,2019-20
Rondae Hollis-Jefferson,TOR,59,42,17,1116,467728,88.6,45.8,42.8,4.4,4.61,4.18,2019-20
Royce O'Neale,UTA,71,44,27,2049,809576,153.3,83.9,69.5,4.21,4.52,3.89,2019-20
Rudy Gay,SAS,66,29,37,1429,551216,104.4,56.1,48.3,4.12,4.44,3.8,2019-20
Rudy Gobert,UTA,68,42,26,2333,893103,169.1,91.8,77.4,4.07,4.36,3.78,2019-20
Rui Hachimura,WAS,48,15,33,1444,602340,114.1,61.4,52.7,4.44,4.81,4.08,2019-20
Russell Westbrook,HOU,57,36,21,2049,764367,144.8,77,67.8,3.97,4.47,3.52,2019-20
Ryan Anderson,HOU,2,1,1,14,1803,0.3,0.2,0.2,3.94,5.01,5.54,2019-20
Ryan Arcidiacono,CHI,58,21,37,930,392679,74.4,39.7,34.7,4.54,4.88,4.2,2019-20
Ryan Broekhoff,PHI,16,9,7,178,74242,14.1,8,6.1,4.41,4.74,4.03,2019-20
Sekou Doumbouya,DET,38,10,28,754,303887,57.6,31.1,26.4,4.29,4.52,4.03,2019-20
Semi Ojeleye,BOS,69,46,23,1011,408601,77.4,42.6,34.7,4.34,4.82,3.85,2019-20
Serge Ibaka,TOR,54,39,15,1449,531123,100.6,52.3,48.2,3.88,4.12,3.64,2019-20
Seth Curry,DAL,62,36,26,1505,576507,109.2,60.6,48.6,4.06,4.35,3.74,2019-20
Shabazz Napier,WAS,56,16,40,1344,496006,93.9,51.6,42.4,4.05,4.46,3.65,2019-20
Shai Gilgeous-Alexander,OKC,70,43,27,2428,931267,176.4,95.1,81.3,4.06,4.34,3.77,2019-20
Shake Milton,PHI,40,23,17,805,320598,60.7,33.6,27.1,4.26,4.5,3.99,2019-20
Shamorie Ponds,TOR,4,4,0,11,4266,0.8,0.4,0.4,4.11,3.8,4.47,2019-20
Shaquille Harrison,CHI,43,14,29,484,206340,39.1,20.5,18.6,4.54,4.8,4.29,2019-20
Sindarius Thornwell,NOP,2,0,2,35,14913,2.8,1.6,1.3,4.39,4.91,4.17,2019-20
Skal Labissiere,ATL,33,14,19,567,225561,42.7,22.8,20,4.21,4.44,3.99,2019-20
Solomon Hill,MIA,59,29,30,1088,422242,80,43.1,36.9,4.14,4.47,3.81,2019-20
Spencer Dinwiddie,BKN,64,30,34,1994,757980,143.6,81.6,62,4.04,4.6,3.48,2019-20
Stanley Johnson,TOR,25,19,6,150,60191,11.4,6.2,5.2,4.31,4.67,3.95,2019-20
Stanton Kidd,UTA,4,3,1,15,6087,1.2,0.6,0.6,4.7,4.66,4.74,2019-20
Stephen Curry,GSW,5,1,4,139,59232,11.2,6.4,4.8,4.51,5.28,3.78,2019-20
Sterling Brown,MIL,52,39,13,767,317252,60.1,31.2,28.9,4.4,4.6,4.19,2019-20
Steven Adams,OKC,63,40,23,1681,639759,121.2,65.1,56,4.03,4.32,3.73,2019-20
Svi Mykhailiuk,DET,55,17,38,1253,503003,95.3,53.7,41.5,4.41,4.84,3.94,2019-20
T.J. Leaf,IND,28,16,12,222,86963,16.5,9,7.5,4.35,4.61,4.07,2019-20
T.J. McConnell,IND,71,44,27,1326,571800,108.3,57.3,51,4.58,4.86,4.3,2019-20
T.J. Warren,IND,67,42,25,2202,871000,165,84.6,80.4,4.21,4.3,4.13,2019-20
Tacko Fall,BOS,7,5,2,33,11251,2.1,1.1,1,3.59,3.83,3.35,2019-20
Taj Gibson,NYK,62,21,41,1025,386922,73.3,38.6,34.7,4.09,4.31,3.88,2019-20
Talen Horton-Tucker,LAL,6,2,4,81,32603,6.2,3.3,2.9,4.29,4.64,3.94,2019-20
Tariq Owens,PHX,3,0,3,15,6250,1.2,0.6,0.6,4.33,4.46,4.21,2019-20
Taurean Prince,BKN,64,30,34,1857,682579,129.3,69.7,59.6,3.91,4.24,3.59,2019-20
Terance Mann,LAC,41,27,14,362,157677,29.9,16,13.9,4.6,4.93,4.27,2019-20
Terence Davis,TOR,71,52,19,1203,501122,94.9,50.2,44.7,4.38,4.7,4.06,2019-20
Terrance Ferguson,OKC,56,33,23,1257,482135,91.3,45.1,46.3,4.19,4.18,4.21,2019-20
Terrence Ross,ORL,69,31,38,1889,746243,141.3,77.8,63.5,4.22,4.59,3.83,2019-20
Terry Rozier,CHA,62,21,41,2127,845307,160.1,86.3,73.8,4.25,4.51,3.98,2019-20
Thabo Sefolosha,HOU,41,27,14,436,163518,31,16,15,4.31,4.7,3.96,2019-20
Thaddeus Young,CHI,64,22,42,1591,622526,117.9,63,54.9,4.19,4.49,3.89,2019-20
Thanasis Antetokounmpo,MIL,19,15,4,128,55110,10.4,5.6,4.8,4.48,4.71,4.23,2019-20
Theo Pinson,NYK,33,15,18,365,144473,27.4,14.2,13.1,4.21,4.5,3.91,2019-20
Thomas Bryant,WAS,46,15,31,1147,445678,84.4,45.9,38.5,4.15,4.54,3.76,2019-20
Thon Maker,DET,59,20,39,774,317123,60.1,32.6,27.4,4.39,4.64,4.11,2019-20
Tim Frazier,DET,26,9,17,353,139846,26.5,14.7,11.7,4.25,4.53,3.92,2019-20
Tim Hardaway Jr.,DAL,69,39,30,2027,779653,147.7,80.8,66.9,4.09,4.4,3.77,2019-20
Timothe Luwawu-Cabarrot,BKN,47,20,27,853,359223,68,36.2,31.8,4.45,4.79,4.12,2019-20
Tobias Harris,PHI,72,43,29,2469,943891,178.8,98.4,80.4,4.07,4.35,3.78,2019-20
Tomas Satoransky,CHI,65,22,43,1878,801680,151.8,81.4,70.5,4.54,4.96,4.14,2019-20
Tony Bradley,UTA,58,36,22,663,267016,50.6,27.5,23.1,4.29,4.48,4.09,2019-20
Tony Snell,DET,58,18,40,1613,609784,115.5,64.8,50.7,4.06,4.38,3.71,2019-20
Torrey Craig,DEN,58,38,20,1072,431385,81.7,42.2,39.5,4.36,4.36,4.35,2019-20
Trae Young,ATL,60,18,42,2120,831329,157.4,88.8,68.6,4.14,4.71,3.58,2019-20
Tremont Waters,BOS,11,8,3,119,47288,9,4.7,4.3,4.23,4.57,3.91,2019-20
Treveon Graham,ATL,55,21,34,929,373992,70.8,37.5,33.4,4.34,4.63,4.07,2019-20
Trevor Ariza,POR,52,21,31,1453,537222,101.7,52.9,48.9,3.92,4.06,3.79,2019-20
Trey Burke,DAL,33,16,17,520,211296,40,21.8,18.2,4.29,4.49,4.07,2019-20
Trey Lyles,SAS,62,26,36,1254,509698,96.5,53.2,43.3,4.36,4.78,3.94,2019-20
Tristan Thompson,CLE,57,19,38,1722,652394,123.6,66.5,57.1,4.05,4.14,3.95,2019-20
Troy Brown Jr.,WAS,69,24,45,1782,719320,136.2,72.6,63.6,4.31,4.7,3.94,2019-20
Troy Daniels,DEN,47,34,13,532,185668,35.2,19,16.1,4.31,4.58,4.01,2019-20
Ty Jerome,PHX,31,16,15,328,130791,24.8,14.1,10.7,4.24,4.72,3.74,2019-20
Tyler Cook,DEN,13,3,10,54,18025,3.4,1.8,1.7,4.13,4.81,3.78,2019-20
Tyler Herro,MIA,55,34,21,1508,647239,122.6,69.5,53.1,4.53,4.97,4.06,2019-20
Tyler Johnson,BKN,38,16,22,694,285581,54.1,29.9,24.1,4.35,4.79,3.9,2019-20
Tyler Zeller,SAS,2,1,1,4,1711,0.3,0.2,0.1,4.11,4.64,3.35,2019-20
Tyrone Wallace,ATL,14,3,11,160,64487,12.2,6.4,5.9,4.37,4.74,4.08,2019-20
Tyson Chandler,HOU,26,15,11,219,79951,15.1,7.9,7.3,4.03,4.2,3.92,2019-20
Tyus Jones,MEM,65,32,33,1232,499102,94.5,51.5,43,4.44,4.87,4.02,2019-20
Udonis Haslem,MIA,4,3,1,44,15324,2.9,1.5,1.4,3.7,3.73,3.67,2019-20
Vic Law,ORL,8,2,6,62,26207,5,2.5,2.4,4.46,4.83,3.98,2019-20
Victor Oladipo,IND,19,11,8,528,211663,40.1,21.6,18.5,4.28,4.6,3.95,2019-20
Vince Carter,ATL,60,19,41,876,319690,60.5,32.7,27.8,3.93,4.21,3.64,2019-20
Vincent Poirier,BOS,22,18,4,130,53497,10.1,5.3,4.8,4.4,4.58,4.2,2019-20
Vlatko Cancar,DEN,14,7,7,45,16428,3.1,1.6,1.5,3.89,4.19,3.62,2019-20
Wayne Ellington,NYK,36,9,27,558,214833,40.7,23,17.7,4.26,4.82,3.71,2019-20
Wendell Carter Jr.,CHI,43,15,28,1256,483208,91.5,47.9,43.7,4.09,4.37,3.84,2019-20
Wenyen Gabriel,POR,29,9,20,228,93969,17.8,9.5,8.3,4.3,4.65,3.96,2019-20
Wes Iwundu,ORL,52,23,29,953,390412,73.9,39.7,34.2,4.37,4.66,4.08,2019-20
Wesley Matthews,MIL,66,51,15,1617,649711,123.1,63.6,59.5,4.31,4.7,3.96,2019-20
Will Barton,DEN,58,38,20,1916,744485,141,75.3,65.7,4.14,4.35,3.92,2019-20
William Howard,HOU,2,1,1,13,5478,1,0.5,0.5,4.14,4.46,3.86,2019-20
Willie Cauley-Stein,DAL,53,15,38,1082,436440,82.7,43.5,39.2,4.32,4.58,4.07,2019-20
Willy Hernangomez,CHA,30,7,23,367,143560,27.2,14.5,12.7,4.18,4.41,3.93,2019-20
Wilson Chandler,BKN,35,16,19,734,286613,54.3,29.9,24.4,4.13,4.61,3.67,2019-20
Yogi Ferrell,SAC,50,20,30,530,213866,40.5,22.2,18.4,4.29,4.67,3.93,2019-20
Yuta Watanabe,MEM,18,9,9,105,44554,8.4,4.7,3.7,4.47,4.9,4.03,2019-20
Zach Collins,POR,11,8,3,290,113441,21.5,11.5,10,4.19,4.5,3.87,2019-20
Zach LaVine,CHI,60,20,40,2085,850686,161.1,86.9,74.2,4.34,4.76,3.94,2019-20
Zach Norvell Jr.,GSW,5,2,3,41,16350,3.1,1.7,1.4,4.77,5.18,4.35,2019-20
Zhaire Smith,PHI,7,3,4,32,13620,2.6,1.3,1.3,4.27,4.2,4.34,2019-20
Zion Williamson,NOP,23,11,12,633,260061,49.3,26,23.2,4.39,4.85,3.95,2019-20
Zylan Cheatham,NOP,4,2,2,51,22202,4.2,2.2,2,4.54,4.88,4.23,2019-20
Yuta Watanabe,TOR,22,14,8,268,120492,22.8,12.5,10.3,4.72,5.16,4.28,2020-21