,TEAM,GP,W,L,WIN%,MIN,PTS,FGM,FGA,FG%,3PM,3PA,3P%,FTM,FTA,FT%,OREB,DREB,REB,AST,TOV,STL,BLK,BLKA,PF,PFD,+/-,season,type
1,Milwaukee Bucks,82,60,22,0.732,3956,9686,3555,7471,47.6,1105,3134,35.3,1471,1904,77.3,762,3316,4078,2136,1137,615,486,395,1608,1653,727,2018-19,Entire_Game
2,Toronto Raptors,82,58,24,0.707,3976,9384,3460,7305,47.4,1015,2771,36.6,1449,1803,80.4,786,2920,3706,2085,1150,680,437,368,1724,1683,499,2018-19,Entire_Game
3,Golden State Warriors,82,57,25,0.695,3961,9650,3612,7361,49.1,1087,2824,38.5,1339,1672,80.1,797,2990,3787,2413,1169,625,525,295,1757,1601,530,2018-19,Entire_Game
4,Denver Nuggets,82,54,28,0.659,3946,9075,3439,7384,46.6,903,2571,35.1,1294,1714,75.5,972,2832,3804,2245,1102,634,363,407,1644,1675,324,2018-19,Entire_Game
5,Houston Rockets,82,53,29,0.646,3966,9341,3218,7163,44.9,1323,3721,35.6,1582,2001,79.1,836,2613,3449,1741,1094,700,405,369,1803,1640,391,2018-19,Entire_Game
5,Portland Trail Blazers,82,53,29,0.646,3971,9402,3470,7427,46.7,904,2520,35.9,1558,1914,81.4,967,2968,3935,1887,1135,546,413,420,1669,1699,344,2018-19,Entire_Game
7,Philadelphia 76ers,82,51,31,0.622,3961,9445,3407,7233,47.1,889,2474,35.9,1742,2258,77.1,892,3025,3917,2207,1223,606,432,336,1745,1816,221,2018-19,Entire_Game
8,Utah Jazz,82,50,32,0.61,3951,9161,3314,7082,46.8,993,2789,35.6,1540,2092,73.6,820,2981,3801,2133,1240,663,483,376,1728,1835,431,2018-19,Entire_Game
9,Boston Celtics,82,49,33,0.598,3956,9216,3451,7423,46.5,1032,2829,36.5,1282,1598,80.2,804,2849,3653,2155,1052,706,435,317,1670,1602,364,2018-19,Entire_Game
9,Oklahoma City Thunder,82,49,33,0.598,3971,9387,3497,7706,45.4,932,2677,34.8,1461,2049,71.3,1031,2911,3942,1917,1145,766,425,415,1839,1844,279,2018-19,Entire_Game
11,Indiana Pacers,82,48,34,0.585,3941,8857,3390,7135,47.5,779,2081,37.4,1298,1727,75.2,762,2766,3528,2128,1122,713,404,425,1594,1642,273,2018-19,Entire_Game
11,LA Clippers,82,48,34,0.585,3966,9442,3384,7178,47.1,821,2118,38.8,1853,2340,79.2,796,2936,3732,1970,1193,561,385,498,1913,1969,70,2018-19,Entire_Game
11,San Antonio Spurs,82,48,34,0.585,3961,9156,3468,7248,47.8,812,2071,39.2,1408,1720,81.9,757,2910,3667,2013,992,501,386,332,1487,1611,138,2018-19,Entire_Game
14,Brooklyn Nets,82,42,40,0.512,3996,9204,3301,7358,44.9,1047,2965,35.3,1555,2088,74.5,900,2919,3819,1954,1236,539,339,432,1763,1807,-6,2018-19,Entire_Game
14,Orlando Magic,82,42,40,0.512,3956,8800,3316,7307,45.4,937,2633,35.6,1231,1575,78.2,822,2902,3724,2095,1082,543,445,362,1526,1537,58,2018-19,Entire_Game
16,Detroit Pistons,82,41,41,0.5,3971,8778,3185,7238,44,993,2854,34.8,1415,1893,74.7,936,2752,3688,1845,1135,569,331,419,1811,1748,-20,2018-19,Entire_Game
17,Charlotte Hornets,82,39,43,0.476,3966,9081,3297,7362,44.8,977,2783,35.1,1510,1895,79.7,814,2778,3592,1905,1001,591,405,492,1550,1686,-90,2018-19,Entire_Game
17,Miami Heat,82,39,43,0.476,3946,8668,3251,7218,45,928,2658,34.9,1238,1782,69.5,921,2879,3800,1991,1208,627,448,389,1712,1652,-19,2018-19,Entire_Game
17,Sacramento Kings,82,39,43,0.476,3946,9363,3541,7637,46.4,927,2455,37.8,1354,1865,72.6,906,2819,3725,2083,1095,679,363,420,1751,1753,-92,2018-19,Entire_Game
20,Los Angeles Lakers,82,37,45,0.451,3956,9165,3491,7425,47,847,2541,33.3,1336,1910,69.9,835,2985,3820,2096,1284,618,440,421,1701,1706,-141,2018-19,Entire_Game
21,Minnesota Timberwolves,82,36,46,0.439,3966,9223,3413,7483,45.6,827,2357,35.1,1570,1995,78.7,923,2750,3673,2018,1074,683,411,455,1664,1795,-123,2018-19,Entire_Game
22,Dallas Mavericks,82,33,49,0.402,3956,8927,3182,7122,44.7,1022,3002,34,1541,2076,74.2,832,2884,3716,1918,1167,533,351,368,1650,1905,-105,2018-19,Entire_Game
22,Memphis Grizzlies,82,33,49,0.402,3976,8490,3113,6924,45,811,2368,34.2,1453,1882,77.2,723,2703,3426,1963,1147,684,448,402,1801,1758,-213,2018-19,Entire_Game
22,New Orleans Pelicans,82,33,49,0.402,3951,9466,3581,7563,47.3,842,2449,34.4,1462,1921,76.1,909,2969,3878,2216,1215,610,441,445,1732,1722,-109,2018-19,Entire_Game
25,Washington Wizards,82,32,50,0.39,3986,9350,3456,7387,46.8,930,2731,34.1,1508,1963,76.8,794,2679,3473,2154,1154,683,379,378,1701,1741,-238,2018-19,Entire_Game
26,Atlanta Hawks,82,29,53,0.354,3971,9294,3392,7524,45.1,1067,3034,35.2,1443,1918,75.2,955,2825,3780,2118,1397,675,419,448,1932,1817,-494,2018-19,Entire_Game
27,Chicago Bulls,82,22,60,0.268,3981,8605,3266,7205,45.3,745,2123,35.1,1328,1695,78.3,718,2799,3517,1796,1159,603,351,473,1663,1534,-690,2018-19,Entire_Game
28,Cleveland Cavaliers,82,19,63,0.232,3951,8567,3189,7184,44.4,847,2388,35.5,1342,1694,79.2,879,2619,3498,1698,1106,534,195,459,1642,1592,-788,2018-19,Entire_Game
28,Phoenix Suns,82,19,63,0.232,3976,8815,3289,7164,45.9,790,2400,32.9,1447,1858,77.9,748,2563,3311,1957,1279,735,418,411,1932,1694,-766,2018-19,Entire_Game
30,New York Knicks,82,17,65,0.207,3956,8575,3134,7241,43.3,823,2421,34,1484,1956,75.9,857,2811,3668,1646,1151,557,422,458,1713,1708,-755,2018-19,Entire_Game
1,Houston Rockets,82,65,17,0.793,3951,9213,3174,6906,46,1256,3470,36.2,1609,2061,78.1,739,2825,3564,1767,1135,699,392,363,1597,1670,695,2017-18,Entire_Game
2,Toronto Raptors,82,59,23,0.72,3966,9156,3383,7169,47.2,968,2705,35.8,1422,1790,79.4,800,2807,3607,1995,1095,626,500,401,1783,1633,638,2017-18,Entire_Game
3,Golden State Warriors,82,58,24,0.707,3946,9304,3509,6979,50.3,926,2369,39.1,1360,1668,81.5,691,2877,3568,2402,1265,656,612,300,1607,1516,490,2017-18,Entire_Game
4,Boston Celtics,82,55,27,0.671,3961,8529,3141,6975,45,939,2492,37.7,1308,1697,77.1,767,2878,3645,1842,1148,604,373,364,1618,1571,294,2017-18,Entire_Game
5,Philadelphia 76ers,82,52,30,0.634,3956,9004,3349,7098,47.2,901,2445,36.9,1405,1868,75.2,893,2996,3889,2221,1353,682,420,417,1811,1670,369,2017-18,Entire_Game
6,Cleveland Cavaliers,82,50,32,0.61,3946,9091,3311,6950,47.6,981,2636,37.2,1488,1909,77.9,694,2761,3455,1916,1126,582,312,340,1524,1696,77,2017-18,Entire_Game
7,Portland Trail Blazers,82,49,33,0.598,3951,8661,3222,7132,45.2,845,2308,36.6,1372,1715,80,835,2893,3728,1599,1109,573,423,418,1599,1564,213,2017-18,Entire_Game
8,Indiana Pacers,82,48,34,0.585,3951,8656,3345,7083,47.2,741,2010,36.9,1225,1573,77.9,788,2684,3472,1819,1088,721,340,428,1544,1514,113,2017-18,Entire_Game
8,New Orleans Pelicans,82,48,34,0.585,3991,9161,3500,7241,48.3,837,2312,36.2,1324,1716,77.2,712,2923,3635,2195,1223,657,485,344,1570,1669,107,2017-18,Entire_Game
8,Oklahoma City Thunder,82,48,34,0.585,3966,8844,3271,7221,45.3,881,2491,35.4,1421,1985,71.6,1024,2671,3695,1750,1147,743,412,377,1653,1750,280,2017-18,Entire_Game
8,Utah Jazz,82,48,34,0.585,3951,8540,3139,6797,46.2,887,2425,36.6,1375,1766,77.9,740,2807,3547,1839,1205,708,420,380,1608,1683,353,2017-18,Entire_Game
12,Minnesota Timberwolves,82,47,35,0.573,3961,8980,3365,7063,47.6,658,1845,35.7,1592,1980,80.4,848,2593,3441,1861,1021,689,345,382,1495,1710,183,2017-18,Entire_Game
12,San Antonio Spurs,82,47,35,0.573,3946,8424,3202,6999,45.7,696,1977,35.2,1324,1715,77.2,849,2777,3626,1868,1078,628,460,318,1408,1619,237,2017-18,Entire_Game
14,Denver Nuggets,82,46,36,0.561,3976,9020,3338,7102,47,940,2536,37.1,1404,1830,76.7,902,2748,3650,2059,1226,627,404,391,1533,1699,121,2017-18,Entire_Game
15,Miami Heat,82,44,38,0.537,3986,8480,3184,6997,45.5,903,2506,36,1209,1601,75.5,763,2801,3564,1862,1178,620,437,378,1648,1587,39,2017-18,Entire_Game
15,Milwaukee Bucks,82,44,38,0.537,3966,8731,3257,6807,47.8,718,2024,35.5,1499,1915,78.3,688,2579,3267,1905,1135,722,443,366,1752,1633,-25,2017-18,Entire_Game
17,Washington Wizards,82,43,39,0.524,3971,8742,3275,7018,46.7,814,2173,37.5,1378,1786,77.2,823,2713,3536,2065,1196,645,353,383,1746,1639,48,2017-18,Entire_Game
18,LA Clippers,82,42,40,0.512,3941,8937,3302,7004,47.1,777,2196,35.4,1556,2095,74.3,832,2766,3598,1832,1204,628,372,462,1638,1803,3,2017-18,Entire_Game
19,Detroit Pistons,82,39,43,0.476,3961,8509,3208,7129,45,886,2373,37.3,1207,1621,74.5,830,2756,3586,1868,1102,628,317,398,1508,1511,-12,2017-18,Entire_Game
20,Charlotte Hornets,82,36,46,0.439,3956,8874,3197,7106,45,824,2233,36.9,1656,2216,74.7,827,2901,3728,1770,1041,559,373,404,1409,1839,21,2017-18,Entire_Game
21,Los Angeles Lakers,82,35,47,0.427,3981,8862,3338,7248,46.1,822,2384,34.5,1364,1910,71.4,876,2927,3803,1949,1295,633,388,447,1736,1679,-127,2017-18,Entire_Game
22,New York Knicks,82,29,53,0.354,3966,8566,3334,7193,46.4,673,1914,35.2,1225,1557,78.7,859,2752,3611,1912,1208,552,421,389,1682,1509,-292,2017-18,Entire_Game
23,Brooklyn Nets,82,28,54,0.341,3971,8741,3136,7114,44.1,1041,2924,35.6,1428,1850,77.2,792,2852,3644,1941,1245,512,390,450,1688,1615,-307,2017-18,Entire_Game
24,Chicago Bulls,82,27,55,0.329,3971,8440,3170,7285,43.5,906,2549,35.5,1194,1574,75.9,790,2872,3662,1923,1147,626,289,423,1571,1425,-577,2017-18,Entire_Game
24,Sacramento Kings,82,27,55,0.329,3951,8104,3179,7063,45,738,1967,37.5,1008,1371,73.5,776,2578,3354,1768,1125,643,340,389,1639,1422,-573,2017-18,Entire_Game
26,Orlando Magic,82,25,57,0.305,3946,8479,3182,7042,45.2,844,2405,35.1,1271,1678,75.7,722,2692,3414,1921,1192,622,400,402,1579,1556,-395,2017-18,Entire_Game
27,Atlanta Hawks,82,24,58,0.293,3941,8475,3130,7015,44.6,917,2544,36,1298,1654,78.5,743,2693,3436,1946,1274,638,348,453,1606,1661,-447,2017-18,Entire_Game
27,Dallas Mavericks,82,24,58,0.293,3961,8390,3128,7042,44.4,967,2688,36,1167,1530,76.3,666,2717,3383,1858,1007,578,310,369,1578,1604,-249,2017-18,Entire_Game
29,Memphis Grizzlies,82,22,60,0.268,3941,8145,3013,6788,44.4,758,2152,35.2,1361,1732,78.6,779,2544,3323,1767,1227,613,396,421,1900,1674,-509,2017-18,Entire_Game
30,Phoenix Suns,82,21,61,0.256,3941,8522,3153,7141,44.2,763,2286,33.4,1453,1962,74.1,842,2776,3618,1743,1289,569,370,488,1807,1715,-768,2017-18,Entire_Game
1,Golden State Warriors,82,67,15,0.817,3956,9503,3532,7140,49.5,982,2562,38.3,1457,1850,78.8,770,2873,3643,2491,1211,785,555,313,1585,1588,954,2016-17,Entire_Game
2,San Antonio Spurs,82,61,21,0.744,3961,8637,3222,6864,46.9,753,1927,39.1,1440,1806,79.7,821,2777,3598,1954,1101,655,484,333,1498,1623,590,2016-17,Entire_Game
3,Houston Rockets,82,55,27,0.671,3956,9458,3305,7152,46.2,1181,3306,35.7,1667,2177,76.6,892,2746,3638,2070,1240,670,352,409,1634,1674,473,2016-17,Entire_Game
4,Boston Celtics,82,53,29,0.646,3951,8857,3168,6977,45.4,985,2741,35.9,1536,1903,80.7,743,2698,3441,2069,1088,617,340,425,1686,1664,216,2016-17,Entire_Game
5,Cleveland Cavaliers,82,51,31,0.622,3976,9048,3275,6963,47,1067,2779,38.4,1431,1913,74.8,766,2821,3587,1858,1121,539,327,349,1486,1690,261,2016-17,Entire_Game
5,LA Clippers,82,51,31,0.622,3951,8911,3242,6820,47.5,841,2245,37.5,1586,2128,74.5,738,2790,3528,1848,1062,612,347,258,1626,1835,352,2016-17,Entire_Game
5,Toronto Raptors,82,51,31,0.622,3956,8762,3211,6918,46.4,725,1996,36.3,1615,2028,79.6,871,2676,3547,1517,1041,677,400,392,1708,1666,345,2016-17,Entire_Game
5,Utah Jazz,82,51,31,0.622,3951,8258,3033,6515,46.6,791,2128,37.2,1401,1875,74.7,771,2774,3545,1651,1118,550,410,312,1545,1655,323,2016-17,Entire_Game
9,Washington Wizards,82,49,33,0.598,3971,8953,3388,7137,47.5,756,2030,37.2,1421,1812,78.4,843,2671,3514,1956,1162,693,336,377,1745,1621,148,2016-17,Entire_Game
10,Oklahoma City Thunder,82,47,35,0.573,3961,8741,3237,7169,45.2,692,2116,32.7,1575,2113,74.5,1002,2821,3823,1721,1230,648,408,450,1715,1697,62,2016-17,Entire_Game
11,Atlanta Hawks,82,43,39,0.524,3976,8459,3123,6918,45.1,729,2137,34.1,1484,2039,72.8,842,2793,3635,1938,1294,672,397,424,1491,1768,-70,2016-17,Entire_Game
11,Memphis Grizzlies,82,43,39,0.524,3981,8239,2984,6854,43.5,767,2169,35.4,1504,1918,78.4,886,2621,3507,1744,1059,653,344,410,1840,1708,40,2016-17,Entire_Game
13,Indiana Pacers,82,42,40,0.512,3971,8618,3221,6931,46.5,709,1885,37.6,1467,1811,81,742,2702,3444,1844,1130,669,409,407,1597,1599,-18,2016-17,Entire_Game
13,Milwaukee Bucks,82,42,40,0.512,3956,8497,3182,6715,47.4,720,1946,37,1413,1839,76.8,723,2589,3312,1984,1145,666,436,375,1660,1579,-15,2016-17,Entire_Game
15,Chicago Bulls,82,41,41,0.5,3956,8435,3169,7141,44.4,623,1831,34,1474,1848,79.8,999,2797,3796,1851,1112,643,393,378,1455,1541,35,2016-17,Entire_Game
15,Miami Heat,82,41,41,0.5,3956,8460,3202,7037,45.5,808,2213,36.5,1248,1768,70.6,872,2705,3577,1742,1102,588,469,398,1680,1530,87,2016-17,Entire_Game
15,Portland Trail Blazers,82,41,41,0.5,3986,8851,3243,7059,45.9,852,2272,37.5,1513,1940,78,830,2750,3580,1733,1126,574,408,431,1736,1624,-43,2016-17,Entire_Game
18,Denver Nuggets,82,40,42,0.488,3951,9161,3377,7194,46.9,870,2365,36.8,1537,1986,77.4,966,2837,3803,2077,1226,568,323,404,1567,1653,42,2016-17,Entire_Game
19,Detroit Pistons,82,37,45,0.451,3961,8309,3269,7282,44.9,631,1915,33,1140,1586,71.9,908,2838,3746,1732,973,574,310,339,1467,1434,-92,2016-17,Entire_Game
20,Charlotte Hornets,82,36,46,0.439,3966,8601,3093,7000,44.2,824,2347,35.1,1591,1953,81.5,721,2853,3574,1891,942,571,390,450,1360,1631,16,2016-17,Entire_Game
21,New Orleans Pelicans,82,34,48,0.415,3981,8556,3210,7130,45,768,2196,35,1368,1825,75,703,2879,3582,1869,1054,638,453,348,1490,1581,-172,2016-17,Entire_Game
22,Dallas Mavericks,82,33,49,0.402,3956,8029,2968,6750,44,878,2473,35.5,1215,1516,80.1,647,2516,3163,1705,972,614,307,280,1567,1591,-240,2016-17,Entire_Game
23,Sacramento Kings,82,32,50,0.39,3976,8430,3105,6734,46.1,737,1960,37.6,1483,1913,77.5,715,2652,3367,1844,1201,627,324,420,1667,1646,-318,2016-17,Entire_Game
24,Minnesota Timberwolves,82,31,51,0.378,3961,8657,3235,6922,46.7,601,1723,34.9,1586,1986,79.9,938,2540,3478,1940,1150,654,370,413,1646,1681,-91,2016-17,Entire_Game
24,New York Knicks,82,31,51,0.378,3971,8556,3244,7256,44.7,704,2022,34.8,1364,1731,78.8,983,2723,3706,1786,1139,581,455,377,1668,1516,-301,2016-17,Entire_Game
26,Orlando Magic,82,29,53,0.354,3961,8288,3139,7133,44,701,2139,32.8,1309,1753,74.7,807,2734,3541,1820,1091,580,396,419,1584,1532,-539,2016-17,Entire_Game
27,Philadelphia 76ers,82,28,54,0.341,3966,8400,3088,6992,44.2,831,2443,34,1393,1806,77.1,807,2706,3513,1949,1366,692,420,446,1793,1610,-467,2016-17,Entire_Game
28,Los Angeles Lakers,82,26,56,0.317,3941,8575,3224,7164,45,730,2110,34.6,1397,1853,75.4,933,2636,3569,1716,1243,674,320,440,1698,1520,-564,2016-17,Entire_Game
29,Phoenix Suns,82,24,58,0.293,3966,8831,3270,7260,45,615,1854,33.2,1676,2159,77.6,976,2712,3688,1604,1265,673,399,435,2030,1822,-462,2016-17,Entire_Game
30,Brooklyn Nets,82,20,62,0.244,3951,8673,3102,6987,44.4,877,2591,33.8,1592,2020,78.8,721,2879,3600,1756,1356,593,387,457,1726,1671,-552,2016-17,Entire_Game
1,Atlanta Hawks,5,5,0,1,40,96,28,68,41.2,9,25,36,31,41,75.6,11,25,36,16,7,5,3,5,16,32,15,2016-17,OT
1,Houston Rockets,3,3,0,1,20,48,13,27,48.1,5,15,33.3,17,20,85,4,17,21,7,4,2,1,0,11,14,11,2016-17,OT
1,Los Angeles Lakers,1,1,0,1,5,21,6,8,75,1,1,100,8,10,80,1,5,6,4,0,1,0,1,1,6,11,2016-17,OT
4,Oklahoma City Thunder,5,4,1,0.8,25,62,19,51,37.3,2,17,11.8,22,26,84.6,12,31,43,5,6,2,1,2,13,17,21,2016-17,OT
4,San Antonio Spurs,5,4,1,0.8,25,60,20,47,42.6,8,13,61.5,12,20,60,9,20,29,14,6,5,1,3,11,19,17,2016-17,OT
6,Detroit Pistons,4,3,1,0.75,25,54,22,44,50,7,16,43.8,3,7,42.9,4,17,21,7,5,4,2,4,10,8,11,2016-17,OT
6,Toronto Raptors,4,3,1,0.75,20,43,12,31,38.7,3,11,27.3,16,21,76.2,3,21,24,3,5,0,1,1,14,15,1,2016-17,OT
8,Memphis Grizzlies,7,5,2,0.714,45,94,30,71,42.3,9,28,32.1,25,33,75.8,10,36,46,16,11,6,8,3,25,26,22,2016-17,OT
9,Boston Celtics,3,2,1,0.667,15,35,10,25,40,3,12,25,12,14,85.7,3,12,15,6,4,1,0,1,11,9,3,2016-17,OT
9,Indiana Pacers,6,4,2,0.667,35,82,28,60,46.7,9,20,45,17,22,77.3,6,17,23,15,5,10,8,3,13,18,15,2016-17,OT
9,Miami Heat,3,2,1,0.667,20,54,20,37,54.1,3,7,42.9,11,16,68.8,4,16,20,7,4,0,3,3,16,11,9,2016-17,OT
9,Utah Jazz,3,2,1,0.667,15,32,10,29,34.5,3,9,33.3,9,18,50,11,14,25,2,4,0,0,1,10,11,-1,2016-17,OT
13,Washington Wizards,7,4,3,0.571,35,78,23,70,32.9,10,30,33.3,22,24,91.7,14,23,37,12,7,4,4,5,21,18,-6,2016-17,OT
14,Brooklyn Nets,2,1,1,0.5,15,30,12,26,46.2,1,10,10,5,11,45.5,3,11,14,3,3,2,1,0,7,7,1,2016-17,OT
14,Chicago Bulls,4,2,2,0.5,20,52,15,42,35.7,4,15,26.7,18,20,90,9,13,22,4,1,3,1,1,12,14,6,2016-17,OT
14,Dallas Mavericks,4,2,2,0.5,20,39,15,35,42.9,3,14,21.4,6,9,66.7,2,13,15,5,4,4,1,0,15,12,4,2016-17,OT
14,LA Clippers,2,1,1,0.5,15,26,10,30,33.3,1,4,25,5,9,55.6,7,10,17,3,2,4,1,0,6,6,-2,2016-17,OT
14,Orlando Magic,4,2,2,0.5,25,52,11,39,28.2,3,14,21.4,27,33,81.8,4,19,23,9,4,0,2,4,16,23,-5,2016-17,OT
14,Phoenix Suns,6,3,3,0.5,30,67,27,57,47.4,2,17,11.8,11,16,68.8,6,23,29,4,8,5,2,2,23,14,-5,2016-17,OT
20,Portland Trail Blazers,9,4,5,0.444,50,111,38,87,43.7,7,21,33.3,28,32,87.5,11,30,41,20,12,1,5,5,21,27,-3,2016-17,OT
21,Cleveland Cavaliers,7,3,4,0.429,40,108,33,74,44.6,14,32,43.8,28,31,90.3,14,32,46,17,12,3,2,4,22,25,5,2016-17,OT
22,Minnesota Timberwolves,5,2,3,0.4,25,63,22,46,47.8,5,16,31.3,14,16,87.5,5,16,21,13,7,2,6,1,20,15,-9,2016-17,OT
23,New Orleans Pelicans,8,3,5,0.375,45,86,28,79,35.4,3,23,13,27,36,75,10,36,46,14,11,9,2,3,23,25,-5,2016-17,OT
24,Milwaukee Bucks,4,1,3,0.25,20,28,8,29,27.6,4,18,22.2,8,12,66.7,2,15,17,4,8,1,1,0,14,9,-18,2016-17,OT
24,New York Knicks,4,1,3,0.25,35,67,25,64,39.1,10,26,38.5,7,11,63.6,7,25,32,11,9,3,8,3,23,12,-7,2016-17,OT
24,Sacramento Kings,8,2,6,0.25,40,70,22,63,34.9,5,13,38.5,21,26,80.8,6,19,25,9,9,3,4,6,22,19,-26,2016-17,OT
27,Philadelphia 76ers,5,1,4,0.2,30,50,14,49,28.6,5,15,33.3,17,19,89.5,8,21,29,6,12,2,4,10,22,17,-17,2016-17,OT
28,Charlotte Hornets,6,0,6,0,30,55,21,54,38.9,4,21,19,9,13,69.2,2,22,24,15,7,0,5,5,15,11,-24,2016-17,OT
28,Denver Nuggets,3,0,3,0,15,25,8,28,28.6,1,14,7.1,8,9,88.9,2,16,18,4,3,0,0,2,12,7,-7,2016-17,OT
28,Golden State Warriors,3,0,3,0,20,30,10,36,27.8,3,20,15,7,9,77.8,6,10,16,6,5,4,1,0,11,9,-17,2016-17,OT
1,Cleveland Cavaliers,2,2,0,1,10,24,9,18,50,3,8,37.5,3,4,75,1,11,12,4,0,1,2,2,5,3,7,2017-18,OT
1,Golden State Warriors,2,2,0,1,10,32,10,13,76.9,4,6,66.7,8,10,80,2,10,12,6,3,0,3,0,7,7,6,2017-18,OT
1,Houston Rockets,2,2,0,1,15,38,12,29,41.4,2,10,20,12,14,85.7,5,14,19,4,1,0,4,1,9,9,10,2017-18,OT
1,Indiana Pacers,3,3,0,1,15,41,13,20,65,5,8,62.5,10,11,90.9,3,11,14,4,3,0,4,0,3,8,20,2017-18,OT
1,Orlando Magic,2,2,0,1,10,25,8,16,50,1,7,14.3,8,11,72.7,3,11,14,3,1,1,0,1,5,9,13,2017-18,OT
1,Sacramento Kings,3,3,0,1,15,42,12,22,54.5,5,8,62.5,13,14,92.9,4,9,13,3,6,3,3,0,5,11,16,2017-18,OT
7,New Orleans Pelicans,9,7,2,0.778,55,118,43,94,45.7,6,26,23.1,26,35,74.3,12,34,46,16,10,11,9,5,21,36,18,2017-18,OT
8,Oklahoma City Thunder,4,3,1,0.75,30,57,21,51,41.2,7,17,41.2,8,14,57.1,8,17,25,8,7,6,4,4,17,13,3,2017-18,OT
9,Portland Trail Blazers,3,2,1,0.667,15,33,12,26,46.2,3,9,33.3,6,10,60,4,13,17,4,6,2,3,1,9,7,1,2017-18,OT
9,Toronto Raptors,6,4,2,0.667,30,60,21,58,36.2,5,21,23.8,13,17,76.5,10,22,32,12,7,2,5,3,10,18,4,2017-18,OT
9,Utah Jazz,3,2,1,0.667,15,33,8,22,36.4,5,14,35.7,12,17,70.6,1,12,13,4,2,2,0,3,7,14,8,2017-18,OT
12,Minnesota Timberwolves,5,3,2,0.6,25,61,17,35,48.6,6,12,50,21,25,84,3,14,17,7,5,3,2,1,14,17,4,2017-18,OT
13,Boston Celtics,4,2,2,0.5,25,53,20,41,48.8,4,14,28.6,9,14,64.3,1,20,21,10,5,1,1,4,11,9,10,2017-18,OT
13,Charlotte Hornets,4,2,2,0.5,20,46,16,37,43.2,6,17,35.3,8,14,57.1,4,15,19,6,5,4,2,4,9,14,0,2017-18,OT
13,Milwaukee Bucks,6,3,3,0.5,30,66,22,53,41.5,7,22,31.8,15,17,88.2,5,17,22,11,6,5,3,3,20,14,2,2017-18,OT
13,Philadelphia 76ers,2,1,1,0.5,20,41,13,26,50,2,10,20,13,15,86.7,0,14,14,11,4,2,3,2,6,15,4,2017-18,OT
13,San Antonio Spurs,2,1,1,0.5,10,14,6,18,33.3,0,5,0,2,2,100,2,9,11,0,4,0,3,0,10,3,-6,2017-18,OT
13,Washington Wizards,6,3,3,0.5,35,66,20,60,33.3,6,20,30,20,32,62.5,10,25,35,9,9,7,4,6,16,21,-3,2017-18,OT
19,Denver Nuggets,7,3,4,0.429,40,83,26,59,44.1,11,29,37.9,20,25,80,7,18,25,20,15,7,2,4,28,24,-17,2017-18,OT
20,Chicago Bulls,5,2,3,0.4,35,59,19,51,37.3,2,16,12.5,19,22,86.4,6,29,35,10,14,3,5,5,19,20,-3,2017-18,OT
21,Los Angeles Lakers,8,3,5,0.375,45,102,33,76,43.4,9,31,29,27,38,71.1,8,31,39,15,8,3,3,10,25,29,1,2017-18,OT
22,Miami Heat,9,3,6,0.333,50,114,42,81,51.9,10,26,38.5,20,27,74.1,9,36,45,23,14,6,4,5,32,29,0,2017-18,OT
23,Detroit Pistons,5,1,4,0.2,25,33,13,41,31.7,4,19,21.1,3,11,27.3,7,21,28,5,8,0,7,3,17,9,-11,2017-18,OT
23,New York Knicks,5,1,4,0.2,30,54,22,55,40,5,17,29.4,5,6,83.3,7,16,23,10,5,3,4,3,20,7,-17,2017-18,OT
25,Brooklyn Nets,6,1,5,0.167,35,52,19,67,28.4,6,30,20,8,10,80,13,21,34,7,12,2,2,11,26,10,-25,2017-18,OT
26,Atlanta Hawks,1,0,1,0,5,10,4,9,44.4,2,5,40,0,0,0,1,3,4,2,2,0,0,0,4,2,-4,2017-18,OT
26,Dallas Mavericks,5,0,5,0,25,36,12,43,27.9,2,20,10,10,14,71.4,5,12,17,5,7,3,3,2,18,13,-29,2017-18,OT
26,LA Clippers,1,0,1,0,5,8,4,12,33.3,0,5,0,0,0,0,2,4,6,1,1,0,1,1,3,3,-5,2017-18,OT
26,Memphis Grizzlies,1,0,1,0,5,9,4,7,57.1,1,2,50,0,2,0,0,3,3,2,1,0,0,1,1,2,-1,2017-18,OT
26,Phoenix Suns,1,0,1,0,5,2,1,7,14.3,0,0,0,0,0,0,1,4,5,0,4,0,0,1,3,4,-6,2017-18,OT
1,Boston Celtics,4,4,0,1,20,62,21,35,60,7,10,70,13,14,92.9,5,17,22,11,2,2,2,1,6,11,26,2018-19,OT
1,Denver Nuggets,2,2,0,1,10,22,7,16,43.8,3,5,60,5,7,71.4,2,10,12,5,2,0,2,1,5,6,7,2018-19,OT
1,Indiana Pacers,1,1,0,1,5,14,5,7,71.4,3,4,75,1,2,50,0,2,2,2,1,0,0,0,1,3,3,2018-19,OT
4,LA Clippers,6,5,1,0.833,30,75,24,44,54.5,2,11,18.2,25,28,89.3,2,21,23,10,4,8,4,5,9,21,19,2018-19,OT
5,Atlanta Hawks,4,3,1,0.75,35,75,26,61,42.6,9,25,36,14,24,58.3,7,30,37,13,9,2,2,2,20,21,5,2018-19,OT
5,San Antonio Spurs,4,3,1,0.75,25,60,20,43,46.5,5,14,35.7,15,19,78.9,3,21,24,10,3,5,3,3,16,10,4,2018-19,OT
7,Brooklyn Nets,7,5,2,0.714,60,129,45,102,44.1,15,35,42.9,24,28,85.7,10,48,58,20,16,4,10,8,34,29,6,2018-19,OT
7,Detroit Pistons,7,5,2,0.714,35,84,25,54,46.3,7,21,33.3,27,34,79.4,4,26,30,12,4,4,3,6,13,26,16,2018-19,OT
9,New York Knicks,3,2,1,0.667,20,38,15,29,51.7,6,13,46.2,2,6,33.3,2,15,17,10,11,2,2,2,10,5,3,2018-19,OT
9,Portland Trail Blazers,6,4,2,0.667,35,81,26,75,34.7,5,27,18.5,24,29,82.8,13,29,42,13,7,5,4,4,19,23,4,2018-19,OT
11,Chicago Bulls,5,3,2,0.6,45,91,32,70,45.7,9,25,36,18,27,66.7,8,32,40,15,16,8,4,4,22,23,10,2018-19,OT
12,Toronto Raptors,7,4,3,0.571,40,78,25,63,39.7,7,23,30.4,21,25,84,9,22,31,15,7,5,8,3,26,24,9,2018-19,OT
13,Los Angeles Lakers,4,2,2,0.5,20,55,21,40,52.5,3,13,23.1,10,13,76.9,4,19,23,12,5,1,7,2,15,12,8,2018-19,OT
13,Miami Heat,2,1,1,0.5,10,21,7,21,33.3,3,11,27.3,4,4,100,4,6,10,3,1,1,1,1,4,3,-3,2018-19,OT
13,Minnesota Timberwolves,6,3,3,0.5,30,54,19,61,31.1,4,26,15.4,12,21,57.1,13,21,34,8,8,5,1,0,19,18,-9,2018-19,OT
13,Phoenix Suns,6,3,3,0.5,40,90,35,69,50.7,8,22,36.4,12,16,75,10,22,32,18,13,4,8,3,27,15,-3,2018-19,OT
17,Memphis Grizzlies,7,3,4,0.429,40,78,28,70,40,6,27,22.2,16,22,72.7,9,29,38,9,5,4,3,5,20,24,0,2018-19,OT
17,Washington Wizards,7,3,4,0.429,50,106,37,90,41.1,8,32,25,24,35,68.6,18,25,43,22,14,6,1,7,30,33,-10,2018-19,OT
19,Oklahoma City Thunder,5,2,3,0.4,35,62,21,71,29.6,6,29,20.7,14,20,70,16,17,33,11,8,4,5,8,19,15,-17,2018-19,OT
19,Philadelphia 76ers,5,2,3,0.4,25,48,16,38,42.1,4,19,21.1,12,17,70.6,3,22,25,8,11,0,5,0,13,16,-10,2018-19,OT
21,Houston Rockets,6,2,4,0.333,30,74,21,47,44.7,14,33,42.4,18,24,75,8,13,21,9,8,1,3,3,23,15,-8,2018-19,OT
21,New Orleans Pelicans,3,1,2,0.333,15,42,13,28,46.4,4,10,40,12,18,66.7,6,12,18,6,5,0,2,5,10,14,-5,2018-19,OT
23,Dallas Mavericks,4,1,3,0.25,20,49,19,46,41.3,3,23,13,8,10,80,8,13,21,10,4,1,2,2,14,9,-10,2018-19,OT
23,Milwaukee Bucks,4,1,3,0.25,20,45,15,38,39.5,6,17,35.3,9,12,75,7,16,23,11,6,2,5,2,10,10,-4,2018-19,OT
23,Orlando Magic,4,1,3,0.25,20,27,9,39,23.1,2,20,10,7,7,100,4,13,17,6,1,3,3,4,10,10,-9,2018-19,OT
26,Charlotte Hornets,5,1,4,0.2,30,70,25,63,39.7,10,28,35.7,10,13,76.9,8,19,27,13,1,5,0,6,13,15,1,2018-19,OT
27,Cleveland Cavaliers,1,0,1,0,15,30,10,29,34.5,6,13,46.2,4,4,100,4,8,12,6,3,1,3,5,12,6,-9,2018-19,OT
27,Golden State Warriors,5,0,5,0,25,56,21,47,44.7,8,19,42.1,6,6,100,6,16,22,13,9,3,1,0,14,13,-11,2018-19,OT
27,Sacramento Kings,2,0,2,0,10,19,6,23,26.1,3,10,30,4,5,80,2,11,13,3,2,0,0,3,8,6,-6,2018-19,OT
27,Utah Jazz,2,0,2,0,15,29,10,30,33.3,2,10,20,7,8,87.5,7,10,17,3,5,3,4,3,2,8,-7,2018-19,OT
